Country Name,Country Code,Series Name,Series Code,Series_type,2021Q1 [YR2021Q1],2021Q2 [YR2021Q2],2021Q3 [YR2021Q3],2021Q4 [YR2021Q4],2022Q1 [YR2022Q1],2022Q2 [YR2022Q2],2022Q3 [YR2022Q3],2022Q4 [YR2022Q4],2023Q1 [YR2023Q1],2023Q2 [YR2023Q2],2023Q3 [YR2023Q3],2023Q4 [YR2023Q4]
China,CHN,"Gross PSD, Budgetary Central Gov., All maturities, Debt Securities, Market value, % of GDP",DP.DOD.DLDS.CR.MV.BC.Z1,Budgetary Central Gov,..,..,..,..,..,..,..,..,..,..,..,..
China,CHN,"Gross PSD, Budgetary Central Gov., All maturities, Debt Securities, Market value, National Currency",DP.DOD.DLDS.CR.MV.BC,Budgetary Central Gov,..,..,..,..,..,..,..,..,..,..,..,..
China,CHN,"Gross PSD, Budgetary Central Gov., All maturities, Debt Securities, Market value, US$",DP.DOD.DLDS.CR.MV.BC.CD,Budgetary Central Gov,..,..,..,..,..,..,..,..,..,..,..,..
China,CHN,"Gross PSD, Budgetary Central Gov., All maturities, Debt securities, Nominal Value, % of GDP",DP.DOD.DLDS.CR.BC.Z1,Budgetary Central Gov,..,..,..,..,..,..,..,..,..,..,..,..
China,CHN,"Gross PSD, Budgetary Central Gov., All maturities, Debt securities, Nominal Value, National Currency",DP.DOD.DLDS.CR.BC,Budgetary Central Gov,..,..,..,..,..,..,..,..,..,..,..,..
China,CHN,"Gross PSD, Budgetary Central Gov., All maturities, Debt securities, Nominal Value, US$",DP.DOD.DLDS.CR.BC.CD,Budgetary Central Gov,..,..,..,..,..,..,..,..,..,..,..,..
China,CHN,"Gross PSD, Budgetary Central Gov., Short-term, Debt securities, Nominal Value, % of GDP",DP.DOD.DSDS.CR.BC.Z1,Budgetary Central Gov,..,..,..,..,..,..,..,..,..,..,..,..
China,CHN,"Gross PSD, Budgetary Central Gov., Short-term, Debt securities, Nominal Value, National Currency",DP.DOD.DSDS.CR.BC,Budgetary Central Gov,..,..,..,..,..,..,..,..,..,..,..,..
China,CHN,"Gross PSD, Budgetary Central Gov., Short-term, Debt securities, Nominal Value, US$",DP.DOD.DSDS.CR.BC.CD,Budgetary Central Gov,..,..,..,..,..,..,..,..,..,..,..,..
China,CHN,"Gross PSD, Budgetary Central Gov., Long-term, With payment due in one year or less, Debt securities, Nominal Value, US$",DP.DOD.DLDS.CR.L1.BC.CD,Budgetary Central Gov,..,..,..,..,..,..,..,..,..,..,..,..
China,CHN,"Gross PSD, Budgetary Central Gov., Long-term, With payment due in one year or less, Debt securities, Nominal Value, National Currency",DP.DOD.DLDS.CR.L1.BC,Budgetary Central Gov,..,..,..,..,..,..,..,..,..,..,..,..
China,CHN,"Gross PSD, Budgetary Central Gov., Long-term, With payment due in one year or less, Debt securities, Nominal Value, % of GDP",DP.DOD.DLDS.CR.L1.BC.Z1,Budgetary Central Gov,..,..,..,..,..,..,..,..,..,..,..,..
China,CHN,"Gross PSD, Central Gov., All maturities, Debt Securities, Market value, % of GDP",DP.DOD.DLDS.CR.MV.CG.Z1,Central Gov,..,..,..,..,..,..,..,..,..,..,..,..
China,CHN,"Gross PSD, Central Gov., All maturities, Debt Securities, Market value, National Currency",DP.DOD.DLDS.CR.MV.CG,Central Gov,..,..,..,..,..,..,..,..,..,..,..,..
China,CHN,"Gross PSD, Central Gov., All maturities, Debt Securities, Market value, US$",DP.DOD.DLDS.CR.MV.CG.CD,Central Gov,..,..,..,..,..,..,..,..,..,..,..,..
China,CHN,"Gross PSD, Central Gov., All maturities, Debt securities, Nominal Value, % of GDP",DP.DOD.DLDS.CR.CG.Z1,Central Gov,19.83674294,19.60460755,19.80039792,20.23368724,19.84002135,20.24810993,20.88744525,..,21.45007087,21.51657103,22.6645499,23.81106543
China,CHN,"Gross PSD, Central Gov., All maturities, Debt securities, Nominal Value, National Currency",DP.DOD.DLDS.CR.CG,Central Gov,2.09778E+13,2.14087E+13,2.21558E+13,2.32533E+13,2.32204E+13,2.38923E+13,2.49946E+13,..,2.61434E+13,2.65654E+13,2.82555E+13,3.00158E+13
China,CHN,"Gross PSD, Central Gov., All maturities, Debt securities, Nominal Value, US$",DP.DOD.DLDS.CR.CG.CD,Central Gov,3.19769E+12,3.3146E+12,3.42788E+12,3.65021E+12,3.66096E+12,3.56879E+12,3.52245E+12,..,3.80628E+12,3.65899E+12,3.86866E+12,4.20178E+12
China,CHN,"Gross PSD, Central Gov., Long-term, With payment due in more than one year, Debt securities, Nominal Value, % of GDP",DP.DOD.DLDS.CR.M1.CG.Z1,Central Gov,16.55747434,16.5284844,16.13716282,15.48923464,15.66874492,15.86981232,16.45258399,..,17.73888715,17.52871506,18.01637402,18.77672407
China,CHN,"Gross PSD, Central Gov., Long-term, With payment due in more than one year, Debt securities, Nominal Value, National Currency",DP.DOD.DLDS.CR.M1.CG,Central Gov,1.75099E+13,1.80495E+13,1.80568E+13,1.78008E+13,1.83384E+13,1.8726E+13,1.96877E+13,..,2.16202E+13,2.16418E+13,2.24607E+13,2.36696E+13
China,CHN,"Gross PSD, Central Gov., Long-term, With payment due in more than one year, Debt securities, Nominal Value, US$",DP.DOD.DLDS.CR.M1.CG.CD,Central Gov,2.66907E+12,2.79452E+12,2.7937E+12,2.7943E+12,2.89126E+12,2.7971E+12,2.77456E+12,..,3.14773E+12,2.98084E+12,3.07525E+12,3.3134E+12
China,CHN,"Gross PSD, Central Gov., Long-term, With payment due in one year or less, Debt securities, Nominal Value, % of GDP",DP.DOD.DLDS.CR.L1.CG.Z1,Central Gov,2.790768309,2.797099954,3.164377376,3.837067884,3.624584726,3.837244807,3.485697825,..,3.050945498,3.442032566,3.857918607,3.678142377
China,CHN,"Gross PSD, Central Gov., Long-term, With payment due in one year or less, Debt securities, Nominal Value, National Currency",DP.DOD.DLDS.CR.L1.CG,Central Gov,2.9513E+12,3.0545E+12,3.5408E+12,4.4097E+12,4.24215E+12,4.52787E+12,4.1711E+12,..,3.7185E+12,4.2497E+12,4.8096E+12,4.6366E+12
China,CHN,"Gross PSD, Central Gov., Long-term, With payment due in one year or less, Debt securities, Nominal Value, US$",DP.DOD.DLDS.CR.L1.CG.CD,Central Gov,4.49873E+11,4.72913E+11,5.47823E+11,6.92217E+11,6.68823E+11,6.76326E+11,5.87827E+11,..,5.41385E+11,5.85334E+11,6.58516E+11,6.49056E+11
China,CHN,"Gross PSD, Central Gov., Short-term, Debt securities, Nominal Value, % of GDP",DP.DOD.DSDS.CR.CG.Z1,Central Gov,0.488500291,0.279023197,0.49885773,0.907384718,0.54669171,0.54105281,0.949163432,..,0.660238226,0.54582341,0.79025728,1.356198984
China,CHN,"Gross PSD, Central Gov., Short-term, Debt securities, Nominal Value, National Currency",DP.DOD.DSDS.CR.CG,Central Gov,5.166E+11,3.047E+11,5.582E+11,1.0428E+12,6.39838E+11,6.38431E+11,1.1358E+12,..,8.047E+11,6.739E+11,9.852E+11,1.7096E+12
China,CHN,"Gross PSD, Central Gov., Short-term, Debt securities, Nominal Value, US$",DP.DOD.DSDS.CR.CG.CD,Central Gov,78746397030,47175215588,86363213606,1.63695E+11,1.00878E+11,95362190282,1.60067E+11,..,1.17158E+11,92819855929,1.34891E+11,2.39319E+11
China,CHN,"Gross PSD, Central Gov.-D1, All maturities, Debt securities + loans, Nominal Value, % of GDP",DP.DOD.DLD1.CR.CG.Z1,Central Gov,19.85244001,19.61962554,19.81495613,20.24795758,19.85403388,20.26234748,20.90215318,..,21.46418308,21.53058312,22.67810588,23.82431327
China,CHN,"Gross PSD, Central Gov.-D1, All maturities, Debt securities + loans, Nominal Value, US$",DP.DOD.DLD1.CR.CG.CD,Central Gov,3.20022E+12,3.31714E+12,3.4304E+12,3.65278E+12,3.66355E+12,3.5713E+12,3.52493E+12,..,3.80878E+12,3.66138E+12,3.87097E+12,4.20411E+12
China,CHN,"Gross PSD, Central Gov.-D2, All maturities, D1+ SDRs + currency and deposits, Nominal Value, % of GDP",DP.DOD.DLD2.CR.CG.Z1,Central Gov,..,..,..,..,..,..,..,..,..,..,..,..
China,CHN,"Gross PSD, Central Gov.-D2, All maturities, D1+ SDRs + currency and deposits, Nominal Value, US$",DP.DOD.DLD2.CR.CG.CD,Central Gov,..,..,..,..,..,..,..,..,..,..,..,..
China,CHN,"Gross PSD, Central Gov.-D2A, All maturities, D1+ currency and deposits, Maastricht debt, % of GDP",DP.DOD.DLD2A.CR.CG.Z1,Central Gov,..,..,..,..,..,..,..,..,..,..,..,..
China,CHN,"Gross PSD, Central Gov.-D2A, All maturities, D1+ currency and deposits, Maastricht debt, US$",DP.DOD.DLD2A.CR.CG.CD,Central Gov,..,..,..,..,..,..,..,..,..,..,..,..
China,CHN,"Gross PSD, Central Gov.-D3, All maturities, D2+other accounts payable, Nominal Value, % of GDP",DP.DOD.DLD3.CR.CG.Z1,Central Gov,..,..,..,..,..,..,..,..,..,..,..,..
China,CHN,"Gross PSD, Central Gov.-D3, All maturities, D2+other accounts payable, Nominal Value, US$",DP.DOD.DLD3.CR.CG.CD,Central Gov,..,..,..,..,..,..,..,..,..,..,..,..
China,CHN,"Gross PSD, Central Gov.-D4, All maturities, D3+insurance, pensions, and standardized guarantees, Nominal Value, % of GDP",DP.DOD.DLD4.CR.CG.Z1,Central Gov,..,..,..,..,..,..,..,..,..,..,..,..
China,CHN,"Gross PSD, Central Gov.-D4, All maturities, D3+insurance, pensions, and standardized guarantees, Nominal Value, US$",DP.DOD.DLD4.CR.CG.CD,Central Gov,..,..,..,..,..,..,..,..,..,..,..,..
China,CHN,"Gross PSD, Financial Public Corp., All maturities, Debt Securities, Market value, % of GDP",DP.DOD.DLDS.CR.MV.FC.Z1,Financial Public Corp,..,..,..,..,..,..,..,..,..,..,..,..
China,CHN,"Gross PSD, Financial Public Corp., All maturities, Debt Securities, Market value, National Currency",DP.DOD.DLDS.CR.MV.FC,Financial Public Corp,..,..,..,..,..,..,..,..,..,..,..,..
China,CHN,"Gross PSD, Financial Public Corp., All maturities, Debt Securities, Market value, US$",DP.DOD.DLDS.CR.MV.FC.CD,Financial Public Corp,..,..,..,..,..,..,..,..,..,..,..,..
China,CHN,"Gross PSD, Financial Public Corp., All maturities, Debt securities, Nominal Value, % of GDP",DP.DOD.DLDS.CR.FC.Z1,Financial Public Corp,..,..,..,..,..,..,..,..,..,..,..,..
China,CHN,"Gross PSD, Financial Public Corp., All maturities, Debt securities, Nominal Value, National Currency",DP.DOD.DLDS.CR.FC,Financial Public Corp,..,..,..,..,..,..,..,..,..,..,..,..
China,CHN,"Gross PSD, Financial Public Corp., All maturities, Debt securities, Nominal Value, US$",DP.DOD.DLDS.CR.FC.CD,Financial Public Corp,..,..,..,..,..,..,..,..,..,..,..,..
China,CHN,"Gross PSD, Financial Public Corp., Long-term, With payment due in more than one year, Debt securities, Nominal Value, % of GDP",DP.DOD.DLDS.CR.M1.FC.Z1,Financial Public Corp,..,..,..,..,..,..,..,..,..,..,..,..
China,CHN,"Gross PSD, Financial Public Corp., Long-term, With payment due in more than one year, Debt securities, Nominal Value, National Currency",DP.DOD.DLDS.CR.M1.FC,Financial Public Corp,..,..,..,..,..,..,..,..,..,..,..,..
China,CHN,"Gross PSD, Financial Public Corp., Long-term, With payment due in more than one year, Debt securities, Nominal Value, US$",DP.DOD.DLDS.CR.M1.FC.CD,Financial Public Corp,..,..,..,..,..,..,..,..,..,..,..,..
China,CHN,"Gross PSD, Financial Public Corp., Long-term, With payment due in one year or less, Debt securities, Nominal Value, % of GDP",DP.DOD.DLDS.CR.L1.FC.Z1,Financial Public Corp,..,..,..,..,..,..,..,..,..,..,..,..
China,CHN,"Gross PSD, Financial Public Corp., Long-term, With payment due in one year or less, Debt securities, Nominal Value, National Currency",DP.DOD.DLDS.CR.L1.FC,Financial Public Corp,..,..,..,..,..,..,..,..,..,..,..,..
China,CHN,"Gross PSD, Financial Public Corp., Long-term, With payment due in one year or less, Debt securities, Nominal Value, US$",DP.DOD.DLDS.CR.L1.FC.CD,Financial Public Corp,..,..,..,..,..,..,..,..,..,..,..,..
China,CHN,"Gross PSD, Financial Public Corp., Short-term, Debt securities, Nominal Value, % of GDP",DP.DOD.DSDS.CR.FC.Z1,Financial Public Corp,..,..,..,..,..,..,..,..,..,..,..,..
China,CHN,"Gross PSD, Financial Public Corp., Short-term, Debt securities, Nominal Value, National Currency",DP.DOD.DSDS.CR.FC,Financial Public Corp,..,..,..,..,..,..,..,..,..,..,..,..
China,CHN,"Gross PSD, Financial Public Corp., Short-term, Debt securities, Nominal Value, US$",DP.DOD.DSDS.CR.FC.CD,Financial Public Corp,..,..,..,..,..,..,..,..,..,..,..,..
China,CHN,"Gross PSD, General Gov., All maturities, Debt Securities, Market value, % of GDP",DP.DOD.DLDS.CR.MV.GG.Z1,General Gov,..,..,..,..,..,..,..,..,..,..,..,..
China,CHN,"Gross PSD, General Gov., All maturities, Debt Securities, Market value, National Currency",DP.DOD.DLDS.CR.MV.GG,General Gov,..,..,..,..,..,..,..,..,..,..,..,..
China,CHN,"Gross PSD, General Gov., All maturities, Debt Securities, Market value, US$",DP.DOD.DLDS.CR.MV.GG.CD,General Gov,..,..,..,..,..,..,..,..,..,..,..,..
China,CHN,"Gross PSD, General Gov., All maturities, Debt securities, Nominal Value, % of GDP",DP.DOD.DLDS.CR.GG.Z1,General Gov,..,..,..,..,..,..,..,..,..,..,..,..
China,CHN,"Gross PSD, General Gov., All maturities, Debt securities, Nominal Value, National Currency",DP.DOD.DLDS.CR.GG,General Gov,..,..,..,..,..,..,..,..,..,..,..,..
China,CHN,"Gross PSD, General Gov., All maturities, Debt securities, Nominal Value, US$",DP.DOD.DLDS.CR.GG.CD,General Gov,..,..,..,..,..,..,..,..,..,..,..,..
China,CHN,"Gross PSD, General Gov., Long-term, With payment due in more than one year, Debt securities, Nominal Value, % of GDP",DP.DOD.DLDS.CR.M1.GG.Z1,General Gov,..,..,..,..,..,..,..,..,..,..,..,..
China,CHN,"Gross PSD, General Gov., Long-term, With payment due in more than one year, Debt securities, Nominal Value, National Currency",DP.DOD.DLDS.CR.M1.GG,General Gov,..,..,..,..,..,..,..,..,..,..,..,..
China,CHN,"Gross PSD, General Gov., Long-term, With payment due in more than one year, Debt securities, Nominal Value, US$",DP.DOD.DLDS.CR.M1.GG.CD,General Gov,..,..,..,..,..,..,..,..,..,..,..,..
China,CHN,"Gross PSD, General Gov., Long-term, With payment due in one year or less, Debt securities, Nominal Value, % of GDP",DP.DOD.DLDS.CR.L1.GG.Z1,General Gov,..,..,..,..,..,..,..,..,..,..,..,..
China,CHN,"Gross PSD, General Gov., Long-term, With payment due in one year or less, Debt securities, Nominal Value, National Currency",DP.DOD.DLDS.CR.L1.GG,General Gov,..,..,..,..,..,..,..,..,..,..,..,..
China,CHN,"Gross PSD, General Gov., Long-term, With payment due in one year or less, Debt securities, Nominal Value, US$",DP.DOD.DLDS.CR.L1.GG.CD,General Gov,..,..,..,..,..,..,..,..,..,..,..,..
China,CHN,"Gross PSD, General Gov., Short-term, Debt securities, Nominal Value, % of GDP",DP.DOD.DSDS.CR.GG.Z1,General Gov,..,..,..,..,..,..,..,..,..,..,..,..
China,CHN,"Gross PSD, General Gov., Short-term, Debt securities, Nominal Value, National Currency",DP.DOD.DSDS.CR.GG,General Gov,..,..,..,..,..,..,..,..,..,..,..,..
China,CHN,"Gross PSD, General Gov., Short-term, Debt securities, Nominal Value, US$",DP.DOD.DSDS.CR.GG.CD,General Gov,..,..,..,..,..,..,..,..,..,..,..,..
China,CHN,"Gross PSD, General Gov.-D1, All maturities, Debt securities + loans, Nominal Value, % of GDP",DP.DOD.DLD1.CR.GG.Z1,General Gov,..,..,..,..,..,..,..,..,..,..,..,..
China,CHN,"Gross PSD, General Gov.-D1, All maturities, Debt securities + loans, Nominal Value, US$",DP.DOD.DLD1.CR.GG.CD,General Gov,..,..,..,..,..,..,..,..,..,..,..,..
China,CHN,"Gross PSD, General Gov.-D2, All maturities, D1+ SDRs + currency and deposits, Nominal Value, % of GDP",DP.DOD.DLD2.CR.GG.Z1,General Gov,..,..,..,..,..,..,..,..,..,..,..,..
China,CHN,"Gross PSD, General Gov.-D2, All maturities, D1+ SDRs + currency and deposits, Nominal Value, US$",DP.DOD.DLD2.CR.GG.CD,General Gov,..,..,..,..,..,..,..,..,..,..,..,..
China,CHN,"Gross PSD, General Gov.-D2A, All maturities, D1+ currency and deposits, Maastricht debt, % of GDP",DP.DOD.DLD2A.CR.GG.Z1,General Gov,..,..,..,..,..,..,..,..,..,..,..,..
China,CHN,"Gross PSD, General Gov.-D2A, All maturities, D1+ currency and deposits, Maastricht debt, US$",DP.DOD.DLD2A.CR.GG.CD,General Gov,..,..,..,..,..,..,..,..,..,..,..,..
China,CHN,"Gross PSD, General Gov.-D3, All maturities, D2+other accounts payable, Nominal Value, % of GDP",DP.DOD.DLD3.CR.GG.Z1,General Gov,..,..,..,..,..,..,..,..,..,..,..,..
China,CHN,"Gross PSD, General Gov.-D3, All maturities, D2+other accounts payable, Nominal Value, US$",DP.DOD.DLD3.CR.GG.CD,General Gov,..,..,..,..,..,..,..,..,..,..,..,..
China,CHN,"Gross PSD, General Gov.-D4, All maturities, D3+insurance, pensions, and standardized guarantees, Nominal Value, US$",DP.DOD.DLD4.CR.GG.CD,General Gov,..,..,..,..,..,..,..,..,..,..,..,..
China,CHN,"Gross PSD, General Gov.-D4, All maturities, D3+insurance, pensions, and standardized guarantees, Nominal Value, % of GDP",DP.DOD.DLD4.CR.GG.Z1,General Gov,..,..,..,..,..,..,..,..,..,..,..,..
China,CHN,"Gross PSD, Nonfinancial Public Corp., All maturities, Debt Securities, Market value, % of GDP",DP.DOD.DLDS.CR.MV.NF.Z1,Nonfinancial Public Corp,..,..,..,..,..,..,..,..,..,..,..,..
China,CHN,"Gross PSD, Nonfinancial Public Corp., All maturities, Debt Securities, Market value, National Currency",DP.DOD.DLDS.CR.MV.NF,Nonfinancial Public Corp,..,..,..,..,..,..,..,..,..,..,..,..
China,CHN,"Gross PSD, Nonfinancial Public Corp., All maturities, Debt Securities, Market value, US$",DP.DOD.DLDS.CR.MV.NF.CD,Nonfinancial Public Corp,..,..,..,..,..,..,..,..,..,..,..,..
China,CHN,"Gross PSD, Nonfinancial Public Corp., All maturities, Debt securities, Nominal Value, % of GDP",DP.DOD.DLDS.CR.NF.Z1,Nonfinancial Public Corp,..,..,..,..,..,..,..,..,..,..,..,..
China,CHN,"Gross PSD, Nonfinancial Public Corp., All maturities, Debt securities, Nominal Value, National Currency",DP.DOD.DLDS.CR.NF,Nonfinancial Public Corp,..,..,..,..,..,..,..,..,..,..,..,..
China,CHN,"Gross PSD, Nonfinancial Public Corp., All maturities, Debt securities, Nominal Value, US$",DP.DOD.DLDS.CR.NF.CD,Nonfinancial Public Corp,..,..,..,..,..,..,..,..,..,..,..,..
China,CHN,"Gross PSD, Nonfinancial Public Corp., Long-term, With payment due in more than one year, Debt securities, Nominal Value, % of GDP",DP.DOD.DLDS.CR.M1.NF.Z1,Nonfinancial Public Corp,..,..,..,..,..,..,..,..,..,..,..,..
China,CHN,"Gross PSD, Nonfinancial Public Corp., Long-term, With payment due in more than one year, Debt securities, Nominal Value, National Currency",DP.DOD.DLDS.CR.M1.NF,Nonfinancial Public Corp,..,..,..,..,..,..,..,..,..,..,..,..
China,CHN,"Gross PSD, Nonfinancial Public Corp., Long-term, With payment due in more than one year, Debt securities, Nominal Value, US$",DP.DOD.DLDS.CR.M1.NF.CD,Nonfinancial Public Corp,..,..,..,..,..,..,..,..,..,..,..,..
China,CHN,"Gross PSD, Nonfinancial Public Corp., Long-term, With payment due in one year or less, Debt securities, Nominal Value, % of GDP",DP.DOD.DLDS.CR.L1.NF.Z1,Nonfinancial Public Corp,..,..,..,..,..,..,..,..,..,..,..,..
China,CHN,"Gross PSD, Nonfinancial Public Corp., Long-term, With payment due in one year or less, Debt securities, Nominal Value, National Currency",DP.DOD.DLDS.CR.L1.NF,Nonfinancial Public Corp,..,..,..,..,..,..,..,..,..,..,..,..
China,CHN,"Gross PSD, Nonfinancial Public Corp., Long-term, With payment due in one year or less, Debt securities, Nominal Value, US$",DP.DOD.DLDS.CR.L1.NF.CD,Nonfinancial Public Corp,..,..,..,..,..,..,..,..,..,..,..,..
China,CHN,"Gross PSD, Public Sector, All maturities, Debt Securities, Market value, National Currency",DP.DOD.DLDS.CR.MV.PS,Public Sector,..,..,..,..,..,..,..,..,..,..,..,..
China,CHN,"Gross PSD, Public Sector, All maturities, Debt securities, Nominal Value, National Currency",DP.DOD.DLDS.CR.PS,Public Sector,..,..,..,..,..,..,..,..,..,..,..,..
China,CHN,"Gross PSD, Public Sector, Long-term, With payment due in one year or less, Debt securities, Nominal Value, National Currency",DP.DOD.DLDS.CR.L1.PS,Public Sector,..,..,..,..,..,..,..,..,..,..,..,..
China,CHN,"Gross PSD, Public Sector, Short-term, Debt securities, Nominal Value, National Currency",DP.DOD.DSDS.CR.PS,Public Sector,..,..,..,..,..,..,..,..,..,..,..,..
China,CHN,"Gross PSD, Total, All maturities, Debt Securities, Market value, US$",DP.DOD.DLDS.CR.MV.PS.CD,Total,..,..,..,..,..,..,..,..,..,..,..,..
China,CHN,"Gross PSD, Total, All maturities, Debt securities, Nominal Value, US$",DP.DOD.DLDS.CR.PS.CD,Total,..,..,..,..,..,..,..,..,..,..,..,..
China,CHN,"Gross PSD, Total, Long-term, With payment due in more than one year, Debt securities, Nominal Value, US$",DP.DOD.DLDS.CR.M1.PS.CD,Total,..,..,..,..,..,..,..,..,..,..,..,..
China,CHN,"Gross PSD, Total, Long-term, With payment due in one year or less, Debt securities, Nominal Value, US$",DP.DOD.DLDS.CR.L1.PS.CD,Total,..,..,..,..,..,..,..,..,..,..,..,..
China,CHN,"Gross PSD, Total, Short-term, Debt securities, Nominal Value, US$",DP.DOD.DSDS.CR.PS.CD,Total,..,..,..,..,..,..,..,..,..,..,..,..
Germany,DEU,"Gross PSD, Budgetary Central Gov., All maturities, Debt Securities, Market value, % of GDP",DP.DOD.DLDS.CR.MV.BC.Z1,Budgetary Central Gov,..,..,..,..,..,..,..,..,..,..,..,..
Germany,DEU,"Gross PSD, Budgetary Central Gov., All maturities, Debt Securities, Market value, National Currency",DP.DOD.DLDS.CR.MV.BC,Budgetary Central Gov,..,..,..,..,..,..,..,..,..,..,..,..
Germany,DEU,"Gross PSD, Budgetary Central Gov., All maturities, Debt Securities, Market value, US$",DP.DOD.DLDS.CR.MV.BC.CD,Budgetary Central Gov,..,..,..,..,..,..,..,..,..,..,..,..
Germany,DEU,"Gross PSD, Budgetary Central Gov., All maturities, Debt securities, Nominal Value, % of GDP",DP.DOD.DLDS.CR.BC.Z1,Budgetary Central Gov,..,..,..,..,..,..,..,..,..,..,..,..
Germany,DEU,"Gross PSD, Budgetary Central Gov., All maturities, Debt securities, Nominal Value, National Currency",DP.DOD.DLDS.CR.BC,Budgetary Central Gov,..,..,..,..,..,..,..,..,..,..,..,..
Germany,DEU,"Gross PSD, Budgetary Central Gov., All maturities, Debt securities, Nominal Value, US$",DP.DOD.DLDS.CR.BC.CD,Budgetary Central Gov,..,..,..,..,..,..,..,..,..,..,..,..
Germany,DEU,"Gross PSD, Budgetary Central Gov., Short-term, Debt securities, Nominal Value, % of GDP",DP.DOD.DSDS.CR.BC.Z1,Budgetary Central Gov,..,..,..,..,..,..,..,..,..,..,..,..
Germany,DEU,"Gross PSD, Budgetary Central Gov., Short-term, Debt securities, Nominal Value, National Currency",DP.DOD.DSDS.CR.BC,Budgetary Central Gov,..,..,..,..,..,..,..,..,..,..,..,..
Germany,DEU,"Gross PSD, Budgetary Central Gov., Short-term, Debt securities, Nominal Value, US$",DP.DOD.DSDS.CR.BC.CD,Budgetary Central Gov,..,..,..,..,..,..,..,..,..,..,..,..
Germany,DEU,"Gross PSD, Budgetary Central Gov., Long-term, With payment due in one year or less, Debt securities, Nominal Value, US$",DP.DOD.DLDS.CR.L1.BC.CD,Budgetary Central Gov,..,..,..,..,..,..,..,..,..,..,..,..
Germany,DEU,"Gross PSD, Budgetary Central Gov., Long-term, With payment due in one year or less, Debt securities, Nominal Value, National Currency",DP.DOD.DLDS.CR.L1.BC,Budgetary Central Gov,..,..,..,..,..,..,..,..,..,..,..,..
Germany,DEU,"Gross PSD, Budgetary Central Gov., Long-term, With payment due in one year or less, Debt securities, Nominal Value, % of GDP",DP.DOD.DLDS.CR.L1.BC.Z1,Budgetary Central Gov,..,..,..,..,..,..,..,..,..,..,..,..
Germany,DEU,"Gross PSD, Central Gov., All maturities, Debt Securities, Market value, % of GDP",DP.DOD.DLDS.CR.MV.CG.Z1,Central Gov,47.12368113,46.67553842,46.61091457,46.47794346,43.45399345,40.17580172,37.61281384,35.92981524,37.27316779,36.71928982,36.18571038,37.61727849
Germany,DEU,"Gross PSD, Central Gov., All maturities, Debt Securities, Market value, National Currency",DP.DOD.DLDS.CR.MV.CG,Central Gov,1.62752E+12,1.65901E+12,1.68378E+12,1.70874E+12,1.63165E+12,1.53732E+12,1.46332E+12,1.42061E+12,1.49996E+12,1.4986E+12,1.49614E+12,1.57449E+12
Germany,DEU,"Gross PSD, Central Gov., All maturities, Debt Securities, Market value, US$",DP.DOD.DLDS.CR.MV.CG.CD,Central Gov,1.90827E+12,1.97157E+12,1.94965E+12,1.93532E+12,1.8113E+12,1.59681E+12,1.42644E+12,1.51522E+12,1.6312E+12,1.62837E+12,1.58501E+12,1.73981E+12
Germany,DEU,"Gross PSD, Central Gov., All maturities, Debt securities, Nominal Value, % of GDP",DP.DOD.DLDS.CR.CG.Z1,Central Gov,39.96182681,40.08521375,40.1873933,40.17541143,39.83197245,39.76210819,38.93643552,38.91939755,39.67864648,39.73846595,40.2595327,39.5504593
Germany,DEU,"Gross PSD, Central Gov., All maturities, Debt securities, Nominal Value, National Currency",DP.DOD.DLDS.CR.CG,Central Gov,1.38017E+12,1.42477E+12,1.45174E+12,1.47703E+12,1.49565E+12,1.52149E+12,1.51481E+12,1.53881E+12,1.59676E+12,1.62181E+12,1.66457E+12,1.6554E+12
Germany,DEU,"Gross PSD, Central Gov., All maturities, Debt securities, Nominal Value, US$",DP.DOD.DLDS.CR.CG.CD,Central Gov,1.61825E+12,1.6932E+12,1.68097E+12,1.67289E+12,1.66032E+12,1.58037E+12,1.47664E+12,1.6413E+12,1.73648E+12,1.76226E+12,1.76345E+12,1.82922E+12
Germany,DEU,"Gross PSD, Central Gov., Long-term, With payment due in more than one year, Debt securities, Nominal Value, % of GDP",DP.DOD.DLDS.CR.M1.CG.Z1,Central Gov,..,..,..,..,..,..,..,..,..,..,..,..
Germany,DEU,"Gross PSD, Central Gov., Long-term, With payment due in more than one year, Debt securities, Nominal Value, National Currency",DP.DOD.DLDS.CR.M1.CG,Central Gov,..,..,..,..,..,..,..,..,..,..,..,..
Germany,DEU,"Gross PSD, Central Gov., Long-term, With payment due in more than one year, Debt securities, Nominal Value, US$",DP.DOD.DLDS.CR.M1.CG.CD,Central Gov,..,..,..,..,..,..,..,..,..,..,..,..
Germany,DEU,"Gross PSD, Central Gov., Long-term, With payment due in one year or less, Debt securities, Nominal Value, % of GDP",DP.DOD.DLDS.CR.L1.CG.Z1,Central Gov,..,..,..,..,..,..,..,..,..,..,..,..
Germany,DEU,"Gross PSD, Central Gov., Long-term, With payment due in one year or less, Debt securities, Nominal Value, National Currency",DP.DOD.DLDS.CR.L1.CG,Central Gov,..,..,..,..,..,..,..,..,..,..,..,..
Germany,DEU,"Gross PSD, Central Gov., Long-term, With payment due in one year or less, Debt securities, Nominal Value, US$",DP.DOD.DLDS.CR.L1.CG.CD,Central Gov,..,..,..,..,..,..,..,..,..,..,..,..
Germany,DEU,"Gross PSD, Central Gov., Short-term, Debt securities, Nominal Value, % of GDP",DP.DOD.DSDS.CR.CG.Z1,Central Gov,4.849405133,4.652712261,4.732622523,4.798867981,4.131208545,3.8594667,3.72701824,3.717629324,3.484842104,3.659760851,3.86813018,3.414049471
Germany,DEU,"Gross PSD, Central Gov., Short-term, Debt securities, Nominal Value, National Currency",DP.DOD.DSDS.CR.CG,Central Gov,1.67485E+11,1.65374E+11,1.70962E+11,1.76428E+11,1.55123E+11,1.47681E+11,1.44999E+11,1.46989E+11,1.40238E+11,1.49363E+11,1.59932E+11,1.42897E+11
Germany,DEU,"Gross PSD, Central Gov., Short-term, Debt securities, Nominal Value, US$",DP.DOD.DSDS.CR.CG.CD,Central Gov,1.96376E+11,1.9653E+11,1.97957E+11,1.99823E+11,1.72202E+11,1.53397E+11,1.41345E+11,1.56779E+11,1.52509E+11,1.62298E+11,1.69432E+11,1.57901E+11
Germany,DEU,"Gross PSD, Central Gov.-D1, All maturities, Debt securities + loans, Nominal Value, % of GDP",DP.DOD.DLD1.CR.CG.Z1,Central Gov,44.68864059,44.81188013,44.85198648,45.29823278,44.53789041,44.67461016,44.68126002,44.58745671,44.4422482,44.01336874,44.42607787,43.95311752
Germany,DEU,"Gross PSD, Central Gov.-D1, All maturities, Debt securities + loans, Nominal Value, US$",DP.DOD.DLD1.CR.CG.CD,Central Gov,1.80966E+12,1.89285E+12,1.87608E+12,1.8862E+12,1.85648E+12,1.77562E+12,1.69451E+12,1.88033E+12,1.94495E+12,1.95184E+12,1.94595E+12,2.03285E+12
Germany,DEU,"Gross PSD, Central Gov.-D2, All maturities, D1+ SDRs + currency and deposits, Nominal Value, % of GDP",DP.DOD.DLD2.CR.CG.Z1,Central Gov,45.05229344,45.18743541,45.23552873,45.78892011,44.96352305,45.14783797,45.27130713,45.02547652,44.82337519,44.38930328,44.86439108,44.35655389
Germany,DEU,"Gross PSD, Central Gov.-D2, All maturities, D1+ SDRs + currency and deposits, Nominal Value, US$",DP.DOD.DLD2.CR.CG.CD,Central Gov,1.82439E+12,1.90871E+12,1.89212E+12,1.90663E+12,1.87422E+12,1.79443E+12,1.71689E+12,1.8988E+12,1.96163E+12,1.96851E+12,1.96515E+12,2.05151E+12
Germany,DEU,"Gross PSD, Central Gov.-D2A, All maturities, D1+ currency and deposits, Maastricht debt, % of GDP",DP.DOD.DLD2A.CR.CG.Z1,Central Gov,45.05229344,45.18743541,45.23552873,45.78892011,44.96352305,45.14783797,45.27130713,45.02547652,44.82337519,44.38930328,44.86439108,44.35655389
Germany,DEU,"Gross PSD, Central Gov.-D2A, All maturities, D1+ currency and deposits, Maastricht debt, US$",DP.DOD.DLD2A.CR.CG.CD,Central Gov,1.82439E+12,1.90871E+12,1.89212E+12,1.90663E+12,1.87422E+12,1.79443E+12,1.71689E+12,1.8988E+12,1.96163E+12,1.96851E+12,1.96515E+12,2.05151E+12
Germany,DEU,"Gross PSD, Central Gov.-D3, All maturities, D2+other accounts payable, Nominal Value, % of GDP",DP.DOD.DLD3.CR.CG.Z1,Central Gov,..,..,..,..,..,..,..,..,..,..,..,..
Germany,DEU,"Gross PSD, Central Gov.-D3, All maturities, D2+other accounts payable, Nominal Value, US$",DP.DOD.DLD3.CR.CG.CD,Central Gov,..,..,..,..,..,..,..,..,..,..,..,..
Germany,DEU,"Gross PSD, Central Gov.-D4, All maturities, D3+insurance, pensions, and standardized guarantees, Nominal Value, % of GDP",DP.DOD.DLD4.CR.CG.Z1,Central Gov,..,..,..,..,..,..,..,..,..,..,..,..
Germany,DEU,"Gross PSD, Central Gov.-D4, All maturities, D3+insurance, pensions, and standardized guarantees, Nominal Value, US$",DP.DOD.DLD4.CR.CG.CD,Central Gov,..,..,..,..,..,..,..,..,..,..,..,..
Germany,DEU,"Gross PSD, Financial Public Corp., All maturities, Debt Securities, Market value, % of GDP",DP.DOD.DLDS.CR.MV.FC.Z1,Financial Public Corp,..,..,..,..,..,..,..,..,..,..,..,..
Germany,DEU,"Gross PSD, Financial Public Corp., All maturities, Debt Securities, Market value, National Currency",DP.DOD.DLDS.CR.MV.FC,Financial Public Corp,..,..,..,..,..,..,..,..,..,..,..,..
Germany,DEU,"Gross PSD, Financial Public Corp., All maturities, Debt Securities, Market value, US$",DP.DOD.DLDS.CR.MV.FC.CD,Financial Public Corp,..,..,..,..,..,..,..,..,..,..,..,..
Germany,DEU,"Gross PSD, Financial Public Corp., All maturities, Debt securities, Nominal Value, % of GDP",DP.DOD.DLDS.CR.FC.Z1,Financial Public Corp,..,..,..,..,..,..,..,..,..,..,..,..
Germany,DEU,"Gross PSD, Financial Public Corp., All maturities, Debt securities, Nominal Value, National Currency",DP.DOD.DLDS.CR.FC,Financial Public Corp,..,..,..,..,..,..,..,..,..,..,..,..
Germany,DEU,"Gross PSD, Financial Public Corp., All maturities, Debt securities, Nominal Value, US$",DP.DOD.DLDS.CR.FC.CD,Financial Public Corp,..,..,..,..,..,..,..,..,..,..,..,..
Germany,DEU,"Gross PSD, Financial Public Corp., Long-term, With payment due in more than one year, Debt securities, Nominal Value, % of GDP",DP.DOD.DLDS.CR.M1.FC.Z1,Financial Public Corp,..,..,..,..,..,..,..,..,..,..,..,..
Germany,DEU,"Gross PSD, Financial Public Corp., Long-term, With payment due in more than one year, Debt securities, Nominal Value, National Currency",DP.DOD.DLDS.CR.M1.FC,Financial Public Corp,..,..,..,..,..,..,..,..,..,..,..,..
Germany,DEU,"Gross PSD, Financial Public Corp., Long-term, With payment due in more than one year, Debt securities, Nominal Value, US$",DP.DOD.DLDS.CR.M1.FC.CD,Financial Public Corp,..,..,..,..,..,..,..,..,..,..,..,..
Germany,DEU,"Gross PSD, Financial Public Corp., Long-term, With payment due in one year or less, Debt securities, Nominal Value, % of GDP",DP.DOD.DLDS.CR.L1.FC.Z1,Financial Public Corp,..,..,..,..,..,..,..,..,..,..,..,..
Germany,DEU,"Gross PSD, Financial Public Corp., Long-term, With payment due in one year or less, Debt securities, Nominal Value, National Currency",DP.DOD.DLDS.CR.L1.FC,Financial Public Corp,..,..,..,..,..,..,..,..,..,..,..,..
Germany,DEU,"Gross PSD, Financial Public Corp., Long-term, With payment due in one year or less, Debt securities, Nominal Value, US$",DP.DOD.DLDS.CR.L1.FC.CD,Financial Public Corp,..,..,..,..,..,..,..,..,..,..,..,..
Germany,DEU,"Gross PSD, Financial Public Corp., Short-term, Debt securities, Nominal Value, % of GDP",DP.DOD.DSDS.CR.FC.Z1,Financial Public Corp,..,..,..,..,..,..,..,..,..,..,..,..
Germany,DEU,"Gross PSD, Financial Public Corp., Short-term, Debt securities, Nominal Value, National Currency",DP.DOD.DSDS.CR.FC,Financial Public Corp,..,..,..,..,..,..,..,..,..,..,..,..
Germany,DEU,"Gross PSD, Financial Public Corp., Short-term, Debt securities, Nominal Value, US$",DP.DOD.DSDS.CR.FC.CD,Financial Public Corp,..,..,..,..,..,..,..,..,..,..,..,..
Germany,DEU,"Gross PSD, General Gov., All maturities, Debt Securities, Market value, % of GDP",DP.DOD.DLDS.CR.MV.GG.Z1,General Gov,60.64654923,59.77799035,59.61945178,59.04421645,55.18037764,50.96720999,47.38060599,45.37152396,46.54256839,45.68972023,44.9034129,46.58919377
Germany,DEU,"Gross PSD, General Gov., All maturities, Debt Securities, Market value, National Currency",DP.DOD.DLDS.CR.MV.GG,General Gov,2.09456E+12,2.12472E+12,2.15371E+12,2.17074E+12,2.07197E+12,1.95025E+12,1.84333E+12,1.79392E+12,1.87298E+12,1.8647E+12,1.85658E+12,1.95001E+12
Germany,DEU,"Gross PSD, General Gov., All maturities, Debt Securities, Market value, US$",DP.DOD.DLDS.CR.MV.GG.CD,General Gov,2.45587E+12,2.52502E+12,2.49378E+12,2.45858E+12,2.30009E+12,2.02572E+12,1.79688E+12,1.9134E+12,2.03687E+12,2.02618E+12,1.96686E+12,2.15477E+12
Germany,DEU,"Gross PSD, General Gov., All maturities, Debt securities, Nominal Value, % of GDP",DP.DOD.DLDS.CR.GG.Z1,General Gov,52.92929812,52.69799784,52.7266338,52.38154373,51.8730767,51.55952922,50.04347927,49.80069205,50.36345747,50.1019527,50.50423699,49.56575426
Germany,DEU,"Gross PSD, General Gov., All maturities, Debt securities, Nominal Value, National Currency",DP.DOD.DLDS.CR.GG,General Gov,1.82803E+12,1.87307E+12,1.90471E+12,1.92579E+12,1.94778E+12,1.97291E+12,1.94693E+12,1.96904E+12,2.02674E+12,2.04477E+12,2.08815E+12,2.0746E+12
Germany,DEU,"Gross PSD, General Gov., All maturities, Debt securities, Nominal Value, US$",DP.DOD.DLDS.CR.GG.CD,General Gov,2.14336E+12,2.22596E+12,2.20546E+12,2.18115E+12,2.16223E+12,2.04926E+12,1.89787E+12,2.10018E+12,2.20408E+12,2.22185E+12,2.21219E+12,2.29243E+12
Germany,DEU,"Gross PSD, General Gov., Long-term, With payment due in more than one year, Debt securities, Nominal Value, % of GDP",DP.DOD.DLDS.CR.M1.GG.Z1,General Gov,41.3879746,41.75060721,41.40461387,41.44809186,41.1485285,40.30191646,40.27401556,40.12457866,41.04565601,40.93599636,41.12196573,40.58803251
Germany,DEU,"Gross PSD, General Gov., Long-term, With payment due in more than one year, Debt securities, Nominal Value, National Currency",DP.DOD.DLDS.CR.M1.GG,General Gov,1.42942E+12,1.48396E+12,1.49571E+12,1.52382E+12,1.54509E+12,1.54214E+12,1.56685E+12,1.58647E+12,1.65177E+12,1.67069E+12,1.70023E+12,1.69883E+12
Germany,DEU,"Gross PSD, General Gov., Long-term, With payment due in more than one year, Debt securities, Nominal Value, US$",DP.DOD.DLDS.CR.M1.GG.CD,General Gov,1.676E+12,1.76354E+12,1.73188E+12,1.72588E+12,1.7152E+12,1.60182E+12,1.52737E+12,1.69212E+12,1.7963E+12,1.81537E+12,1.80123E+12,1.87721E+12
Germany,DEU,"Gross PSD, General Gov., Long-term, With payment due in one year or less, Debt securities, Nominal Value, % of GDP",DP.DOD.DLDS.CR.L1.GG.Z1,General Gov,6.038678179,5.807696045,5.993311012,5.617995146,6.122239996,7.027922031,5.918251266,5.872967103,5.708412563,5.407802346,5.404127867,5.474586843
Germany,DEU,"Gross PSD, General Gov., Long-term, With payment due in one year or less, Debt securities, Nominal Value, National Currency",DP.DOD.DLDS.CR.L1.GG,General Gov,2.08559E+11,2.06426E+11,2.16504E+11,2.06543E+11,2.29884E+11,2.68921E+11,2.30248E+11,2.32208E+11,2.2972E+11,2.20704E+11,2.2344E+11,2.29142E+11
Germany,DEU,"Gross PSD, General Gov., Long-term, With payment due in one year or less, Debt securities, Nominal Value, US$",DP.DOD.DLDS.CR.L1.GG.CD,General Gov,2.44535E+11,2.45316E+11,2.50689E+11,2.33931E+11,2.55194E+11,2.79329E+11,2.24446E+11,2.47673E+11,2.4982E+11,2.39817E+11,2.36712E+11,2.53201E+11
Germany,DEU,"Gross PSD, General Gov., Short-term, Debt securities, Nominal Value, % of GDP",DP.DOD.DSDS.CR.GG.Z1,General Gov,5.502645335,5.139694584,5.328708926,5.315456723,4.602308207,4.229690731,3.851212443,3.803146289,3.609388893,3.758153994,3.978143389,3.503134908
Germany,DEU,"Gross PSD, General Gov., Short-term, Debt securities, Nominal Value, National Currency",DP.DOD.DSDS.CR.GG,General Gov,1.90046E+11,1.82683E+11,1.92495E+11,1.95421E+11,1.72812E+11,1.61848E+11,1.49831E+11,1.50371E+11,1.4525E+11,1.53379E+11,1.64481E+11,1.46625E+11
Germany,DEU,"Gross PSD, General Gov., Short-term, Debt securities, Nominal Value, US$",DP.DOD.DSDS.CR.GG.CD,General Gov,2.22829E+11,2.171E+11,2.2289E+11,2.21333E+11,1.91839E+11,1.68111E+11,1.46055E+11,1.60385E+11,1.57959E+11,1.66661E+11,1.74251E+11,1.62021E+11
Germany,DEU,"Gross PSD, General Gov.-D1, All maturities, Debt securities + loans, Nominal Value, % of GDP",DP.DOD.DLD1.CR.GG.Z1,General Gov,68.43937375,67.89130211,67.7289991,67.58614169,66.28365636,65.98036994,65.1184172,64.5593112,64.16179385,63.221601,63.35788685,62.47425476
Germany,DEU,"Gross PSD, General Gov.-D1, All maturities, Debt securities + loans, Nominal Value, US$",DP.DOD.DLD1.CR.GG.CD,General Gov,2.77144E+12,2.86772E+12,2.83298E+12,2.81426E+12,2.76291E+12,2.62243E+12,2.46958E+12,2.72258E+12,2.80794E+12,2.80366E+12,2.77521E+12,2.88945E+12
Germany,DEU,"Gross PSD, General Gov.-D2, All maturities, D1+ SDRs + currency and deposits, Nominal Value, % of GDP",DP.DOD.DLD2.CR.GG.Z1,General Gov,68.8030266,68.26685738,68.11254136,68.07682902,66.709289,66.45359776,65.7084643,64.99733101,64.54292083,63.59753555,63.79620006,62.87769113
Germany,DEU,"Gross PSD, General Gov.-D2, All maturities, D1+ SDRs + currency and deposits, Nominal Value, US$",DP.DOD.DLD2.CR.GG.CD,General Gov,2.78617E+12,2.88358E+12,2.84903E+12,2.83469E+12,2.78065E+12,2.64123E+12,2.49195E+12,2.74105E+12,2.82462E+12,2.82033E+12,2.7944E+12,2.90811E+12
Germany,DEU,"Gross PSD, General Gov.-D2A, All maturities, D1+ currency and deposits, Maastricht debt, % of GDP",DP.DOD.DLD2A.CR.GG.Z1,General Gov,68.8030266,68.26685738,68.11254136,68.07682902,66.709289,66.45359776,65.7084643,64.99733101,64.54292083,63.59753555,63.79620006,62.87769113
Germany,DEU,"Gross PSD, General Gov.-D2A, All maturities, D1+ currency and deposits, Maastricht debt, US$",DP.DOD.DLD2A.CR.GG.CD,General Gov,2.78617E+12,2.88358E+12,2.84903E+12,2.83469E+12,2.78065E+12,2.64123E+12,2.49195E+12,2.74105E+12,2.82462E+12,2.82033E+12,2.7944E+12,2.90811E+12
Germany,DEU,"Gross PSD, General Gov.-D3, All maturities, D2+other accounts payable, Nominal Value, % of GDP",DP.DOD.DLD3.CR.GG.Z1,General Gov,..,..,..,..,..,..,..,..,..,..,..,..
Germany,DEU,"Gross PSD, General Gov.-D3, All maturities, D2+other accounts payable, Nominal Value, US$",DP.DOD.DLD3.CR.GG.CD,General Gov,..,..,..,..,..,..,..,..,..,..,..,..
Germany,DEU,"Gross PSD, General Gov.-D4, All maturities, D3+insurance, pensions, and standardized guarantees, Nominal Value, US$",DP.DOD.DLD4.CR.GG.CD,General Gov,..,..,..,..,..,..,..,..,..,..,..,..
Germany,DEU,"Gross PSD, General Gov.-D4, All maturities, D3+insurance, pensions, and standardized guarantees, Nominal Value, % of GDP",DP.DOD.DLD4.CR.GG.Z1,General Gov,..,..,..,..,..,..,..,..,..,..,..,..
Germany,DEU,"Gross PSD, Nonfinancial Public Corp., All maturities, Debt Securities, Market value, % of GDP",DP.DOD.DLDS.CR.MV.NF.Z1,Nonfinancial Public Corp,..,..,..,..,..,..,..,..,..,..,..,..
Germany,DEU,"Gross PSD, Nonfinancial Public Corp., All maturities, Debt Securities, Market value, National Currency",DP.DOD.DLDS.CR.MV.NF,Nonfinancial Public Corp,..,..,..,..,..,..,..,..,..,..,..,..
Germany,DEU,"Gross PSD, Nonfinancial Public Corp., All maturities, Debt Securities, Market value, US$",DP.DOD.DLDS.CR.MV.NF.CD,Nonfinancial Public Corp,..,..,..,..,..,..,..,..,..,..,..,..
Germany,DEU,"Gross PSD, Nonfinancial Public Corp., All maturities, Debt securities, Nominal Value, % of GDP",DP.DOD.DLDS.CR.NF.Z1,Nonfinancial Public Corp,..,..,..,..,..,..,..,..,..,..,..,..
Germany,DEU,"Gross PSD, Nonfinancial Public Corp., All maturities, Debt securities, Nominal Value, National Currency",DP.DOD.DLDS.CR.NF,Nonfinancial Public Corp,..,..,..,..,..,..,..,..,..,..,..,..
Germany,DEU,"Gross PSD, Nonfinancial Public Corp., All maturities, Debt securities, Nominal Value, US$",DP.DOD.DLDS.CR.NF.CD,Nonfinancial Public Corp,..,..,..,..,..,..,..,..,..,..,..,..
Germany,DEU,"Gross PSD, Nonfinancial Public Corp., Long-term, With payment due in more than one year, Debt securities, Nominal Value, % of GDP",DP.DOD.DLDS.CR.M1.NF.Z1,Nonfinancial Public Corp,..,..,..,..,..,..,..,..,..,..,..,..
Germany,DEU,"Gross PSD, Nonfinancial Public Corp., Long-term, With payment due in more than one year, Debt securities, Nominal Value, National Currency",DP.DOD.DLDS.CR.M1.NF,Nonfinancial Public Corp,..,..,..,..,..,..,..,..,..,..,..,..
Germany,DEU,"Gross PSD, Nonfinancial Public Corp., Long-term, With payment due in more than one year, Debt securities, Nominal Value, US$",DP.DOD.DLDS.CR.M1.NF.CD,Nonfinancial Public Corp,..,..,..,..,..,..,..,..,..,..,..,..
Germany,DEU,"Gross PSD, Nonfinancial Public Corp., Long-term, With payment due in one year or less, Debt securities, Nominal Value, % of GDP",DP.DOD.DLDS.CR.L1.NF.Z1,Nonfinancial Public Corp,..,..,..,..,..,..,..,..,..,..,..,..
Germany,DEU,"Gross PSD, Nonfinancial Public Corp., Long-term, With payment due in one year or less, Debt securities, Nominal Value, National Currency",DP.DOD.DLDS.CR.L1.NF,Nonfinancial Public Corp,..,..,..,..,..,..,..,..,..,..,..,..
Germany,DEU,"Gross PSD, Nonfinancial Public Corp., Long-term, With payment due in one year or less, Debt securities, Nominal Value, US$",DP.DOD.DLDS.CR.L1.NF.CD,Nonfinancial Public Corp,..,..,..,..,..,..,..,..,..,..,..,..
Germany,DEU,"Gross PSD, Public Sector, All maturities, Debt Securities, Market value, National Currency",DP.DOD.DLDS.CR.MV.PS,Public Sector,..,..,..,..,..,..,..,..,..,..,..,..
Germany,DEU,"Gross PSD, Public Sector, All maturities, Debt securities, Nominal Value, National Currency",DP.DOD.DLDS.CR.PS,Public Sector,..,..,..,..,..,..,..,..,..,..,..,..
Germany,DEU,"Gross PSD, Public Sector, Long-term, With payment due in one year or less, Debt securities, Nominal Value, National Currency",DP.DOD.DLDS.CR.L1.PS,Public Sector,..,..,..,..,..,..,..,..,..,..,..,..
Germany,DEU,"Gross PSD, Public Sector, Short-term, Debt securities, Nominal Value, National Currency",DP.DOD.DSDS.CR.PS,Public Sector,..,..,..,..,..,..,..,..,..,..,..,..
Germany,DEU,"Gross PSD, Total, All maturities, Debt Securities, Market value, US$",DP.DOD.DLDS.CR.MV.PS.CD,Total,..,..,..,..,..,..,..,..,..,..,..,..
Germany,DEU,"Gross PSD, Total, All maturities, Debt securities, Nominal Value, US$",DP.DOD.DLDS.CR.PS.CD,Total,..,..,..,..,..,..,..,..,..,..,..,..
Germany,DEU,"Gross PSD, Total, Long-term, With payment due in more than one year, Debt securities, Nominal Value, US$",DP.DOD.DLDS.CR.M1.PS.CD,Total,..,..,..,..,..,..,..,..,..,..,..,..
Germany,DEU,"Gross PSD, Total, Long-term, With payment due in one year or less, Debt securities, Nominal Value, US$",DP.DOD.DLDS.CR.L1.PS.CD,Total,..,..,..,..,..,..,..,..,..,..,..,..
Germany,DEU,"Gross PSD, Total, Short-term, Debt securities, Nominal Value, US$",DP.DOD.DSDS.CR.PS.CD,Total,..,..,..,..,..,..,..,..,..,..,..,..
Japan,JPN,"Gross PSD, Budgetary Central Gov., All maturities, Debt Securities, Market value, % of GDP",DP.DOD.DLDS.CR.MV.BC.Z1,Budgetary Central Gov,..,..,..,..,..,..,..,..,..,..,..,..
Japan,JPN,"Gross PSD, Budgetary Central Gov., All maturities, Debt Securities, Market value, National Currency",DP.DOD.DLDS.CR.MV.BC,Budgetary Central Gov,..,..,..,..,..,..,..,..,..,..,..,..
Japan,JPN,"Gross PSD, Budgetary Central Gov., All maturities, Debt Securities, Market value, US$",DP.DOD.DLDS.CR.MV.BC.CD,Budgetary Central Gov,..,..,..,..,..,..,..,..,..,..,..,..
Japan,JPN,"Gross PSD, Budgetary Central Gov., All maturities, Debt securities, Nominal Value, % of GDP",DP.DOD.DLDS.CR.BC.Z1,Budgetary Central Gov,..,..,..,..,..,..,..,..,..,..,..,..
Japan,JPN,"Gross PSD, Budgetary Central Gov., All maturities, Debt securities, Nominal Value, National Currency",DP.DOD.DLDS.CR.BC,Budgetary Central Gov,..,..,..,..,..,..,..,..,..,..,..,..
Japan,JPN,"Gross PSD, Budgetary Central Gov., All maturities, Debt securities, Nominal Value, US$",DP.DOD.DLDS.CR.BC.CD,Budgetary Central Gov,..,..,..,..,..,..,..,..,..,..,..,..
Japan,JPN,"Gross PSD, Budgetary Central Gov., Short-term, Debt securities, Nominal Value, % of GDP",DP.DOD.DSDS.CR.BC.Z1,Budgetary Central Gov,..,..,..,..,..,..,..,..,..,..,..,..
Japan,JPN,"Gross PSD, Budgetary Central Gov., Short-term, Debt securities, Nominal Value, National Currency",DP.DOD.DSDS.CR.BC,Budgetary Central Gov,..,..,..,..,..,..,..,..,..,..,..,..
Japan,JPN,"Gross PSD, Budgetary Central Gov., Short-term, Debt securities, Nominal Value, US$",DP.DOD.DSDS.CR.BC.CD,Budgetary Central Gov,..,..,..,..,..,..,..,..,..,..,..,..
Japan,JPN,"Gross PSD, Budgetary Central Gov., Long-term, With payment due in one year or less, Debt securities, Nominal Value, US$",DP.DOD.DLDS.CR.L1.BC.CD,Budgetary Central Gov,..,..,..,..,..,..,..,..,..,..,..,..
Japan,JPN,"Gross PSD, Budgetary Central Gov., Long-term, With payment due in one year or less, Debt securities, Nominal Value, National Currency",DP.DOD.DLDS.CR.L1.BC,Budgetary Central Gov,..,..,..,..,..,..,..,..,..,..,..,..
Japan,JPN,"Gross PSD, Budgetary Central Gov., Long-term, With payment due in one year or less, Debt securities, Nominal Value, % of GDP",DP.DOD.DLDS.CR.L1.BC.Z1,Budgetary Central Gov,..,..,..,..,..,..,..,..,..,..,..,..
Japan,JPN,"Gross PSD, Central Gov., All maturities, Debt Securities, Market value, % of GDP",DP.DOD.DLDS.CR.MV.CG.Z1,Central Gov,202.8261956,200.9780701,200.2414723,199.2554265,201.1812131,201.194407,199.975132,195.7052378,198.7163231,198.0859769,190.5834053,190.7442754
Japan,JPN,"Gross PSD, Central Gov., All maturities, Debt Securities, Market value, National Currency",DP.DOD.DLDS.CR.MV.CG,Central Gov,1.09E+15,1.10E+15,1.10E+15,1.10E+15,1.12E+15,1.12E+15,1.12E+15,1.10E+15,1.13E+15,1.14E+15,1.11E+15,1.13E+15
Japan,JPN,"Gross PSD, Central Gov., All maturities, Debt Securities, Market value, US$",DP.DOD.DLDS.CR.MV.CG.CD,Central Gov,9.87175E+12,9.97352E+12,9.8627E+12,9.64906E+12,9.11532E+12,8.19021E+12,7.7059E+12,8.26943E+12,8.44513E+12,7.86597E+12,7.45378E+12,7.95602E+12
Japan,JPN,"Gross PSD, Central Gov., All maturities, Debt securities, Nominal Value, % of GDP",DP.DOD.DLDS.CR.CG.Z1,Central Gov,202.8261956,200.9780701,200.2414723,199.2554265,201.1812131,201.194407,199.975132,195.7052378,198.7163231,198.0859769,190.5834053,190.7442754
Japan,JPN,"Gross PSD, Central Gov., All maturities, Debt securities, Nominal Value, National Currency",DP.DOD.DLDS.CR.CG,Central Gov,1.09E+15,1.10E+15,1.10E+15,1.10E+15,1.12E+15,1.12E+15,1.12E+15,1.10E+15,1.13E+15,1.14E+15,1.11E+15,1.13E+15
Japan,JPN,"Gross PSD, Central Gov., All maturities, Debt securities, Nominal Value, US$",DP.DOD.DLDS.CR.CG.CD,Central Gov,9.87175E+12,9.97352E+12,9.8627E+12,9.64906E+12,9.11532E+12,8.19021E+12,7.7059E+12,8.26943E+12,8.44513E+12,7.86597E+12,7.45378E+12,7.95602E+12
Japan,JPN,"Gross PSD, Central Gov., Long-term, With payment due in more than one year, Debt securities, Nominal Value, % of GDP",DP.DOD.DLDS.CR.M1.CG.Z1,Central Gov,..,..,..,..,..,..,..,..,..,..,..,..
Japan,JPN,"Gross PSD, Central Gov., Long-term, With payment due in more than one year, Debt securities, Nominal Value, National Currency",DP.DOD.DLDS.CR.M1.CG,Central Gov,..,..,..,..,..,..,..,..,..,..,..,..
Japan,JPN,"Gross PSD, Central Gov., Long-term, With payment due in more than one year, Debt securities, Nominal Value, US$",DP.DOD.DLDS.CR.M1.CG.CD,Central Gov,..,..,..,..,..,..,..,..,..,..,..,..
Japan,JPN,"Gross PSD, Central Gov., Long-term, With payment due in one year or less, Debt securities, Nominal Value, % of GDP",DP.DOD.DLDS.CR.L1.CG.Z1,Central Gov,..,..,..,..,..,..,..,..,..,..,..,..
Japan,JPN,"Gross PSD, Central Gov., Long-term, With payment due in one year or less, Debt securities, Nominal Value, National Currency",DP.DOD.DLDS.CR.L1.CG,Central Gov,..,..,..,..,..,..,..,..,..,..,..,..
Japan,JPN,"Gross PSD, Central Gov., Long-term, With payment due in one year or less, Debt securities, Nominal Value, US$",DP.DOD.DLDS.CR.L1.CG.CD,Central Gov,..,..,..,..,..,..,..,..,..,..,..,..
Japan,JPN,"Gross PSD, Central Gov., Short-term, Debt securities, Nominal Value, % of GDP",DP.DOD.DSDS.CR.CG.Z1,Central Gov,30.2534077,28.64279261,26.94113955,25.62077776,28.00224097,28.77332175,26.6423306,26.08302141,26.4067006,25.96808368,24.17575047,23.78709289
Japan,JPN,"Gross PSD, Central Gov., Short-term, Debt securities, Nominal Value, National Currency",DP.DOD.DSDS.CR.CG,Central Gov,1.63002E+14,1.57064E+14,1.485E+14,1.417E+14,1.55296E+14,1.60035E+14,1.48596E+14,1.46197E+14,1.49797E+14,1.49399E+14,1.41299E+14,1.40799E+14
Japan,JPN,"Gross PSD, Central Gov., Short-term, Debt securities, Nominal Value, US$",DP.DOD.DSDS.CR.CG.CD,Central Gov,1.47246E+12,1.4214E+12,1.32696E+12,1.2407E+12,1.26875E+12,1.1713E+12,1.02664E+12,1.10213E+12,1.12224E+12,1.03119E+12,9.45522E+11,9.9217E+11
Japan,JPN,"Gross PSD, Central Gov.-D1, All maturities, Debt securities + loans, Nominal Value, % of GDP",DP.DOD.DLD1.CR.CG.Z1,Central Gov,212.5575574,210.2925949,209.1966103,208.2448949,211.0606647,210.6523409,209.0941478,205.4848298,209.0857969,207.7880542,199.865039,200.4205182
Japan,JPN,"Gross PSD, Central Gov.-D1, All maturities, Debt securities + loans, Nominal Value, US$",DP.DOD.DLD1.CR.CG.CD,Central Gov,1.03454E+13,1.04358E+13,1.03038E+13,1.00844E+13,9.56295E+12,8.57522E+12,8.0573E+12,8.68266E+12,8.88582E+12,8.25124E+12,7.81679E+12,8.35962E+12
Japan,JPN,"Gross PSD, Central Gov.-D2, All maturities, D1+ SDRs + currency and deposits, Nominal Value, % of GDP",DP.DOD.DLD2.CR.CG.Z1,Central Gov,..,..,..,..,..,..,..,..,..,..,..,..
Japan,JPN,"Gross PSD, Central Gov.-D2, All maturities, D1+ SDRs + currency and deposits, Nominal Value, US$",DP.DOD.DLD2.CR.CG.CD,Central Gov,..,..,..,..,..,..,..,..,..,..,..,..
Japan,JPN,"Gross PSD, Central Gov.-D2A, All maturities, D1+ currency and deposits, Maastricht debt, % of GDP",DP.DOD.DLD2A.CR.CG.Z1,Central Gov,..,..,..,..,..,..,..,..,..,..,..,..
Japan,JPN,"Gross PSD, Central Gov.-D2A, All maturities, D1+ currency and deposits, Maastricht debt, US$",DP.DOD.DLD2A.CR.CG.CD,Central Gov,..,..,..,..,..,..,..,..,..,..,..,..
Japan,JPN,"Gross PSD, Central Gov.-D3, All maturities, D2+other accounts payable, Nominal Value, % of GDP",DP.DOD.DLD3.CR.CG.Z1,Central Gov,..,..,..,..,..,..,..,..,..,..,..,..
Japan,JPN,"Gross PSD, Central Gov.-D3, All maturities, D2+other accounts payable, Nominal Value, US$",DP.DOD.DLD3.CR.CG.CD,Central Gov,..,..,..,..,..,..,..,..,..,..,..,..
Japan,JPN,"Gross PSD, Central Gov.-D4, All maturities, D3+insurance, pensions, and standardized guarantees, Nominal Value, % of GDP",DP.DOD.DLD4.CR.CG.Z1,Central Gov,..,..,..,..,..,..,..,..,..,..,..,..
Japan,JPN,"Gross PSD, Central Gov.-D4, All maturities, D3+insurance, pensions, and standardized guarantees, Nominal Value, US$",DP.DOD.DLD4.CR.CG.CD,Central Gov,..,..,..,..,..,..,..,..,..,..,..,..
Japan,JPN,"Gross PSD, Financial Public Corp., All maturities, Debt Securities, Market value, % of GDP",DP.DOD.DLDS.CR.MV.FC.Z1,Financial Public Corp,38.5474878,37.3490076,35.84700346,36.06467773,34.26096825,33.543021,32.06163026,31.70039215,31.78402694,31.10575561,29.12360877,28.46322244
Japan,JPN,"Gross PSD, Financial Public Corp., All maturities, Debt Securities, Market value, National Currency",DP.DOD.DLDS.CR.MV.FC,Financial Public Corp,2.07689E+14,2.04805E+14,1.97589E+14,1.99462E+14,1.90005E+14,1.86564E+14,1.78822E+14,1.77683E+14,1.80301E+14,1.78957E+14,1.70217E+14,1.68477E+14
Japan,JPN,"Gross PSD, Financial Public Corp., All maturities, Debt Securities, Market value, US$",DP.DOD.DLDS.CR.MV.FC.CD,Financial Public Corp,1.87614E+12,1.85344E+12,1.76561E+12,1.74645E+12,1.55233E+12,1.36547E+12,1.23547E+12,1.33948E+12,1.35077E+12,1.23521E+12,1.13903E+12,1.18721E+12
Japan,JPN,"Gross PSD, Financial Public Corp., All maturities, Debt securities, Nominal Value, % of GDP",DP.DOD.DLDS.CR.FC.Z1,Financial Public Corp,36.76439282,35.61002591,34.15548202,34.42334337,33.14645398,32.86911739,31.6556745,31.84611762,31.42893961,30.70760989,29.54792845,28.72278779
Japan,JPN,"Gross PSD, Financial Public Corp., All maturities, Debt securities, Nominal Value, National Currency",DP.DOD.DLDS.CR.FC,Financial Public Corp,1.98082E+14,1.9527E+14,1.88266E+14,1.90385E+14,1.83824E+14,1.82816E+14,1.76558E+14,1.78499E+14,1.78287E+14,1.76666E+14,1.72697E+14,1.70014E+14
Japan,JPN,"Gross PSD, Financial Public Corp., All maturities, Debt securities, Nominal Value, US$",DP.DOD.DLDS.CR.FC.CD,Financial Public Corp,1.78936E+12,1.76714E+12,1.6823E+12,1.66697E+12,1.50183E+12,1.33803E+12,1.21983E+12,1.34564E+12,1.33568E+12,1.2194E+12,1.15563E+12,1.19804E+12
Japan,JPN,"Gross PSD, Financial Public Corp., Long-term, With payment due in more than one year, Debt securities, Nominal Value, % of GDP",DP.DOD.DLDS.CR.M1.FC.Z1,Financial Public Corp,..,..,..,..,..,..,..,..,..,..,..,..
Japan,JPN,"Gross PSD, Financial Public Corp., Long-term, With payment due in more than one year, Debt securities, Nominal Value, National Currency",DP.DOD.DLDS.CR.M1.FC,Financial Public Corp,..,..,..,..,..,..,..,..,..,..,..,..
Japan,JPN,"Gross PSD, Financial Public Corp., Long-term, With payment due in more than one year, Debt securities, Nominal Value, US$",DP.DOD.DLDS.CR.M1.FC.CD,Financial Public Corp,..,..,..,..,..,..,..,..,..,..,..,..
Japan,JPN,"Gross PSD, Financial Public Corp., Long-term, With payment due in one year or less, Debt securities, Nominal Value, % of GDP",DP.DOD.DLDS.CR.L1.FC.Z1,Financial Public Corp,..,..,..,..,..,..,..,..,..,..,..,..
Japan,JPN,"Gross PSD, Financial Public Corp., Long-term, With payment due in one year or less, Debt securities, Nominal Value, National Currency",DP.DOD.DLDS.CR.L1.FC,Financial Public Corp,..,..,..,..,..,..,..,..,..,..,..,..
Japan,JPN,"Gross PSD, Financial Public Corp., Long-term, With payment due in one year or less, Debt securities, Nominal Value, US$",DP.DOD.DLDS.CR.L1.FC.CD,Financial Public Corp,..,..,..,..,..,..,..,..,..,..,..,..
Japan,JPN,"Gross PSD, Financial Public Corp., Short-term, Debt securities, Nominal Value, % of GDP",DP.DOD.DSDS.CR.FC.Z1,Financial Public Corp,1.928792388,1.895139539,0.670407582,0.668145327,0,0,0,0,0,0,0,0
Japan,JPN,"Gross PSD, Financial Public Corp., Short-term, Debt securities, Nominal Value, National Currency",DP.DOD.DSDS.CR.FC,Financial Public Corp,1.03921E+13,1.03921E+13,3.6953E+12,3.6953E+12,0,0,0,0,0,0,0,0
Japan,JPN,"Gross PSD, Financial Public Corp., Short-term, Debt securities, Nominal Value, US$",DP.DOD.DSDS.CR.FC.CD,Financial Public Corp,93876242096,94046153846,33020284157,32355310393,0,0,0,0,0,0,0,0
Japan,JPN,"Gross PSD, General Gov., All maturities, Debt Securities, Market value, % of GDP",DP.DOD.DLDS.CR.MV.GG.Z1,General Gov,208.2314209,206.0127246,205.0436501,204.2632709,205.7635259,205.6470577,204.1024804,199.9410354,202.5251517,201.4714497,193.3249553,192.9794703
Japan,JPN,"Gross PSD, General Gov., All maturities, Debt Securities, Market value, National Currency",DP.DOD.DLDS.CR.MV.GG,General Gov,1.12E+15,1.13E+15,1.13E+15,1.13E+15,1.14E+15,1.14E+15,1.14E+15,1.12E+15,1.15E+15,1.16E+15,1.13E+15,1.14E+15
Japan,JPN,"Gross PSD, General Gov., All maturities, Debt Securities, Market value, US$",DP.DOD.DLDS.CR.MV.GG.CD,General Gov,1.01348E+13,1.02234E+13,1.00992E+13,9.89156E+12,9.32294E+12,8.37146E+12,7.86495E+12,8.44841E+12,8.607E+12,8.00041E+12,7.56101E+12,8.04926E+12
Japan,JPN,"Gross PSD, General Gov., All maturities, Debt securities, Nominal Value, % of GDP",DP.DOD.DLDS.CR.GG.Z1,General Gov,197.8410614,195.6223646,194.9023588,194.59065,198.9097562,201.2851131,201.1372033,200.3779442,199.7782533,198.4344283,195.4845029,194.0780953
Japan,JPN,"Gross PSD, General Gov., All maturities, Debt securities, Nominal Value, National Currency",DP.DOD.DLDS.CR.GG,General Gov,1.07E+15,1.07E+15,1.07E+15,1.08E+15,1.10E+15,1.12E+15,1.12E+15,1.12E+15,1.13E+15,1.14E+15,1.14E+15,1.15E+15
Japan,JPN,"Gross PSD, General Gov., All maturities, Debt securities, Nominal Value, US$",DP.DOD.DLDS.CR.GG.CD,General Gov,9.62912E+12,9.70774E+12,9.59973E+12,9.42316E+12,9.01241E+12,8.1939E+12,7.75068E+12,8.46687E+12,8.49026E+12,7.87981E+12,7.64547E+12,8.09508E+12
Japan,JPN,"Gross PSD, General Gov., Long-term, With payment due in more than one year, Debt securities, Nominal Value, % of GDP",DP.DOD.DLDS.CR.M1.GG.Z1,General Gov,..,..,..,..,..,..,..,..,..,..,..,..
Japan,JPN,"Gross PSD, General Gov., Long-term, With payment due in more than one year, Debt securities, Nominal Value, National Currency",DP.DOD.DLDS.CR.M1.GG,General Gov,..,..,..,..,..,..,..,..,..,..,..,..
Japan,JPN,"Gross PSD, General Gov., Long-term, With payment due in more than one year, Debt securities, Nominal Value, US$",DP.DOD.DLDS.CR.M1.GG.CD,General Gov,..,..,..,..,..,..,..,..,..,..,..,..
Japan,JPN,"Gross PSD, General Gov., Long-term, With payment due in one year or less, Debt securities, Nominal Value, % of GDP",DP.DOD.DLDS.CR.L1.GG.Z1,General Gov,..,..,..,..,..,..,..,..,..,..,..,..
Japan,JPN,"Gross PSD, General Gov., Long-term, With payment due in one year or less, Debt securities, Nominal Value, National Currency",DP.DOD.DLDS.CR.L1.GG,General Gov,..,..,..,..,..,..,..,..,..,..,..,..
Japan,JPN,"Gross PSD, General Gov., Long-term, With payment due in one year or less, Debt securities, Nominal Value, US$",DP.DOD.DLDS.CR.L1.GG.CD,General Gov,..,..,..,..,..,..,..,..,..,..,..,..
Japan,JPN,"Gross PSD, General Gov., Short-term, Debt securities, Nominal Value, % of GDP",DP.DOD.DSDS.CR.GG.Z1,General Gov,30.25320353,28.64259201,26.94099441,25.62063311,28.00224097,28.77332175,26.6423306,26.08302141,26.4067006,25.96808368,24.17575047,23.78709289
Japan,JPN,"Gross PSD, General Gov., Short-term, Debt securities, Nominal Value, National Currency",DP.DOD.DSDS.CR.GG,General Gov,1.63001E+14,1.57063E+14,1.48499E+14,1.417E+14,1.55296E+14,1.60035E+14,1.48596E+14,1.46197E+14,1.49797E+14,1.49399E+14,1.41299E+14,1.40799E+14
Japan,JPN,"Gross PSD, General Gov., Short-term, Debt securities, Nominal Value, US$",DP.DOD.DSDS.CR.GG.CD,General Gov,1.47245E+12,1.42139E+12,1.32695E+12,1.24069E+12,1.26875E+12,1.1713E+12,1.02664E+12,1.10213E+12,1.12224E+12,1.03119E+12,9.45522E+11,9.9217E+11
Japan,JPN,"Gross PSD, General Gov.-D1, All maturities, Debt securities + loans, Nominal Value, % of GDP",DP.DOD.DLD1.CR.GG.Z1,General Gov,225.9640575,223.6488963,221.8223265,221.5637743,226.6783259,229.0773713,227.7853609,227.6480359,227.3481412,225.4959787,221.2754742,220.0046595
Japan,JPN,"Gross PSD, General Gov.-D1, All maturities, Debt securities + loans, Nominal Value, US$",DP.DOD.DLD1.CR.GG.CD,General Gov,1.09979E+13,1.10986E+13,1.09256E+13,1.07293E+13,1.02706E+13,9.32526E+12,8.77755E+12,9.61915E+12,9.66194E+12,8.95442E+12,8.65416E+12,9.17649E+12
Japan,JPN,"Gross PSD, General Gov.-D2, All maturities, D1+ SDRs + currency and deposits, Nominal Value, % of GDP",DP.DOD.DLD2.CR.GG.Z1,General Gov,..,..,..,..,..,..,..,..,..,..,..,..
Japan,JPN,"Gross PSD, General Gov.-D2, All maturities, D1+ SDRs + currency and deposits, Nominal Value, US$",DP.DOD.DLD2.CR.GG.CD,General Gov,..,..,..,..,..,..,..,..,..,..,..,..
Japan,JPN,"Gross PSD, General Gov.-D2A, All maturities, D1+ currency and deposits, Maastricht debt, % of GDP",DP.DOD.DLD2A.CR.GG.Z1,General Gov,..,..,..,..,..,..,..,..,..,..,..,..
Japan,JPN,"Gross PSD, General Gov.-D2A, All maturities, D1+ currency and deposits, Maastricht debt, US$",DP.DOD.DLD2A.CR.GG.CD,General Gov,..,..,..,..,..,..,..,..,..,..,..,..
Japan,JPN,"Gross PSD, General Gov.-D3, All maturities, D2+other accounts payable, Nominal Value, % of GDP",DP.DOD.DLD3.CR.GG.Z1,General Gov,..,..,..,..,..,..,..,..,..,..,..,..
Japan,JPN,"Gross PSD, General Gov.-D3, All maturities, D2+other accounts payable, Nominal Value, US$",DP.DOD.DLD3.CR.GG.CD,General Gov,..,..,..,..,..,..,..,..,..,..,..,..
Japan,JPN,"Gross PSD, General Gov.-D4, All maturities, D3+insurance, pensions, and standardized guarantees, Nominal Value, US$",DP.DOD.DLD4.CR.GG.CD,General Gov,..,..,..,..,..,..,..,..,..,..,..,..
Japan,JPN,"Gross PSD, General Gov.-D4, All maturities, D3+insurance, pensions, and standardized guarantees, Nominal Value, % of GDP",DP.DOD.DLD4.CR.GG.Z1,General Gov,..,..,..,..,..,..,..,..,..,..,..,..
Japan,JPN,"Gross PSD, Nonfinancial Public Corp., All maturities, Debt Securities, Market value, % of GDP",DP.DOD.DLDS.CR.MV.NF.Z1,Nonfinancial Public Corp,2.318055027,2.246371605,2.28883422,2.306225108,2.265434316,2.213928528,2.207028116,2.198531327,2.133838115,2.116102948,2.044981308,2.001140033
Japan,JPN,"Gross PSD, Nonfinancial Public Corp., All maturities, Debt Securities, Market value, National Currency",DP.DOD.DLDS.CR.MV.NF,Nonfinancial Public Corp,1.24894E+13,1.23181E+13,1.26161E+13,1.2755E+13,1.25637E+13,1.23137E+13,1.23096E+13,1.23229E+13,1.21046E+13,1.21743E+13,1.19522E+13,1.1845E+13
Japan,JPN,"Gross PSD, Nonfinancial Public Corp., All maturities, Debt Securities, Market value, US$",DP.DOD.DLDS.CR.MV.NF.CD,Nonfinancial Public Corp,1.12822E+11,1.11476E+11,1.12734E+11,1.1168E+11,1.02645E+11,90124423626,85046289899,92897851489,90684746779,84030231916,79979925054,83468395462
Japan,JPN,"Gross PSD, Nonfinancial Public Corp., All maturities, Debt securities, Nominal Value, % of GDP",DP.DOD.DLDS.CR.NF.Z1,Nonfinancial Public Corp,2.245299124,2.17129256,2.214415042,2.233539691,2.220463542,2.192892638,2.202778866,2.234837807,2.140554506,2.117111088,2.094530896,2.037885323
Japan,JPN,"Gross PSD, Nonfinancial Public Corp., All maturities, Debt securities, Nominal Value, National Currency",DP.DOD.DLDS.CR.NF,Nonfinancial Public Corp,1.20974E+13,1.19064E+13,1.22059E+13,1.2353E+13,1.23143E+13,1.21967E+13,1.22859E+13,1.25264E+13,1.21427E+13,1.21801E+13,1.22418E+13,1.20625E+13
Japan,JPN,"Gross PSD, Nonfinancial Public Corp., All maturities, Debt securities, Nominal Value, US$",DP.DOD.DLDS.CR.NF.CD,Nonfinancial Public Corp,1.09281E+11,1.0775E+11,1.09069E+11,1.0816E+11,1.00607E+11,89268096319,84882548017,94431963815,90970182799,84070265047,81917826552,85001057008
Japan,JPN,"Gross PSD, Nonfinancial Public Corp., Long-term, With payment due in more than one year, Debt securities, Nominal Value, % of GDP",DP.DOD.DLDS.CR.M1.NF.Z1,Nonfinancial Public Corp,..,..,..,..,..,..,..,..,..,..,..,..
Japan,JPN,"Gross PSD, Nonfinancial Public Corp., Long-term, With payment due in more than one year, Debt securities, Nominal Value, National Currency",DP.DOD.DLDS.CR.M1.NF,Nonfinancial Public Corp,..,..,..,..,..,..,..,..,..,..,..,..
Japan,JPN,"Gross PSD, Nonfinancial Public Corp., Long-term, With payment due in more than one year, Debt securities, Nominal Value, US$",DP.DOD.DLDS.CR.M1.NF.CD,Nonfinancial Public Corp,..,..,..,..,..,..,..,..,..,..,..,..
Japan,JPN,"Gross PSD, Nonfinancial Public Corp., Long-term, With payment due in one year or less, Debt securities, Nominal Value, % of GDP",DP.DOD.DLDS.CR.L1.NF.Z1,Nonfinancial Public Corp,..,..,..,..,..,..,..,..,..,..,..,..
Japan,JPN,"Gross PSD, Nonfinancial Public Corp., Long-term, With payment due in one year or less, Debt securities, Nominal Value, National Currency",DP.DOD.DLDS.CR.L1.NF,Nonfinancial Public Corp,..,..,..,..,..,..,..,..,..,..,..,..
Japan,JPN,"Gross PSD, Nonfinancial Public Corp., Long-term, With payment due in one year or less, Debt securities, Nominal Value, US$",DP.DOD.DLDS.CR.L1.NF.CD,Nonfinancial Public Corp,..,..,..,..,..,..,..,..,..,..,..,..
Japan,JPN,"Gross PSD, Public Sector, All maturities, Debt Securities, Market value, National Currency",DP.DOD.DLDS.CR.MV.PS,Public Sector,..,..,..,..,..,..,..,..,..,..,..,..
Japan,JPN,"Gross PSD, Public Sector, All maturities, Debt securities, Nominal Value, National Currency",DP.DOD.DLDS.CR.PS,Public Sector,..,..,..,..,..,..,..,..,..,..,..,..
Japan,JPN,"Gross PSD, Public Sector, Long-term, With payment due in one year or less, Debt securities, Nominal Value, National Currency",DP.DOD.DLDS.CR.L1.PS,Public Sector,..,..,..,..,..,..,..,..,..,..,..,..
Japan,JPN,"Gross PSD, Public Sector, Short-term, Debt securities, Nominal Value, National Currency",DP.DOD.DSDS.CR.PS,Public Sector,..,..,..,..,..,..,..,..,..,..,..,..
Japan,JPN,"Gross PSD, Total, All maturities, Debt Securities, Market value, US$",DP.DOD.DLDS.CR.MV.PS.CD,Total,..,..,..,..,..,..,..,..,..,..,..,..
Japan,JPN,"Gross PSD, Total, All maturities, Debt securities, Nominal Value, US$",DP.DOD.DLDS.CR.PS.CD,Total,..,..,..,..,..,..,..,..,..,..,..,..
Japan,JPN,"Gross PSD, Total, Long-term, With payment due in more than one year, Debt securities, Nominal Value, US$",DP.DOD.DLDS.CR.M1.PS.CD,Total,..,..,..,..,..,..,..,..,..,..,..,..
Japan,JPN,"Gross PSD, Total, Long-term, With payment due in one year or less, Debt securities, Nominal Value, US$",DP.DOD.DLDS.CR.L1.PS.CD,Total,..,..,..,..,..,..,..,..,..,..,..,..
Japan,JPN,"Gross PSD, Total, Short-term, Debt securities, Nominal Value, US$",DP.DOD.DSDS.CR.PS.CD,Total,..,..,..,..,..,..,..,..,..,..,..,..
United States,USA,"Gross PSD, Budgetary Central Gov., All maturities, Debt Securities, Market value, % of GDP",DP.DOD.DLDS.CR.MV.BC.Z1,Budgetary Central Gov,..,..,..,..,..,..,..,..,..,..,..,..
United States,USA,"Gross PSD, Budgetary Central Gov., All maturities, Debt Securities, Market value, National Currency",DP.DOD.DLDS.CR.MV.BC,Budgetary Central Gov,..,..,..,..,..,..,..,..,..,..,..,..
United States,USA,"Gross PSD, Budgetary Central Gov., All maturities, Debt Securities, Market value, US$",DP.DOD.DLDS.CR.MV.BC.CD,Budgetary Central Gov,..,..,..,..,..,..,..,..,..,..,..,..
United States,USA,"Gross PSD, Budgetary Central Gov., All maturities, Debt securities, Nominal Value, % of GDP",DP.DOD.DLDS.CR.BC.Z1,Budgetary Central Gov,..,..,..,..,..,..,..,..,..,..,..,..
United States,USA,"Gross PSD, Budgetary Central Gov., All maturities, Debt securities, Nominal Value, National Currency",DP.DOD.DLDS.CR.BC,Budgetary Central Gov,..,..,..,..,..,..,..,..,..,..,..,..
United States,USA,"Gross PSD, Budgetary Central Gov., All maturities, Debt securities, Nominal Value, US$",DP.DOD.DLDS.CR.BC.CD,Budgetary Central Gov,..,..,..,..,..,..,..,..,..,..,..,..
United States,USA,"Gross PSD, Budgetary Central Gov., Short-term, Debt securities, Nominal Value, % of GDP",DP.DOD.DSDS.CR.BC.Z1,Budgetary Central Gov,..,..,..,..,..,..,..,..,..,..,..,..
United States,USA,"Gross PSD, Budgetary Central Gov., Short-term, Debt securities, Nominal Value, National Currency",DP.DOD.DSDS.CR.BC,Budgetary Central Gov,..,..,..,..,..,..,..,..,..,..,..,..
United States,USA,"Gross PSD, Budgetary Central Gov., Short-term, Debt securities, Nominal Value, US$",DP.DOD.DSDS.CR.BC.CD,Budgetary Central Gov,..,..,..,..,..,..,..,..,..,..,..,..
United States,USA,"Gross PSD, Budgetary Central Gov., Long-term, With payment due in one year or less, Debt securities, Nominal Value, US$",DP.DOD.DLDS.CR.L1.BC.CD,Budgetary Central Gov,..,..,..,..,..,..,..,..,..,..,..,..
United States,USA,"Gross PSD, Budgetary Central Gov., Long-term, With payment due in one year or less, Debt securities, Nominal Value, National Currency",DP.DOD.DLDS.CR.L1.BC,Budgetary Central Gov,..,..,..,..,..,..,..,..,..,..,..,..
United States,USA,"Gross PSD, Budgetary Central Gov., Long-term, With payment due in one year or less, Debt securities, Nominal Value, % of GDP",DP.DOD.DLDS.CR.L1.BC.Z1,Budgetary Central Gov,..,..,..,..,..,..,..,..,..,..,..,..
United States,USA,"Gross PSD, Central Gov., All maturities, Debt Securities, Market value, % of GDP",DP.DOD.DLDS.CR.MV.CG.Z1,Central Gov,..,..,..,..,..,..,..,..,..,..,..,..
United States,USA,"Gross PSD, Central Gov., All maturities, Debt Securities, Market value, National Currency",DP.DOD.DLDS.CR.MV.CG,Central Gov,..,..,..,..,..,..,..,..,..,..,..,..
United States,USA,"Gross PSD, Central Gov., All maturities, Debt Securities, Market value, US$",DP.DOD.DLDS.CR.MV.CG.CD,Central Gov,..,..,..,..,..,..,..,..,..,..,..,..
United States,USA,"Gross PSD, Central Gov., All maturities, Debt securities, Nominal Value, % of GDP",DP.DOD.DLDS.CR.CG.Z1,Central Gov,99.05171824,96.83157455,95.03516655,95.33846465,95.7328832,93.44448847,92.60200974,91.69921638,91.61409579,91.99617221,93.74391915,94.66489091
United States,USA,"Gross PSD, Central Gov., All maturities, Debt securities, Nominal Value, National Currency",DP.DOD.DLDS.CR.CG,Central Gov,2.13672E+13,2.17189E+13,2.18656E+13,2.25773E+13,2.32655E+13,2.32731E+13,2.36361E+13,2.38648E+13,2.43018E+13,2.47904E+13,2.56497E+13,2.62467E+13
United States,USA,"Gross PSD, Central Gov., All maturities, Debt securities, Nominal Value, US$",DP.DOD.DLDS.CR.CG.CD,Central Gov,2.13672E+13,2.17189E+13,2.18656E+13,2.25773E+13,2.32655E+13,2.32731E+13,2.36361E+13,2.38648E+13,2.43018E+13,2.47904E+13,2.56497E+13,2.62467E+13
United States,USA,"Gross PSD, Central Gov., Long-term, With payment due in more than one year, Debt securities, Nominal Value, % of GDP",DP.DOD.DLDS.CR.M1.CG.Z1,Central Gov,77.41302248,77.77781097,78.8974694,79.42728233,79.57302127,79.30078591,78.32672024,77.49687119,76.28009326,75.42417907,74.52227293,74.19733696
United States,USA,"Gross PSD, Central Gov., Long-term, With payment due in more than one year, Debt securities, Nominal Value, National Currency",DP.DOD.DLDS.CR.M1.CG,Central Gov,1.66993E+13,1.74452E+13,1.81527E+13,1.88094E+13,1.93383E+13,1.97505E+13,1.99924E+13,2.01686E+13,2.02342E+13,2.03247E+13,2.03904E+13,2.05719E+13
United States,USA,"Gross PSD, Central Gov., Long-term, With payment due in more than one year, Debt securities, Nominal Value, US$",DP.DOD.DLDS.CR.M1.CG.CD,Central Gov,1.66993E+13,1.74452E+13,1.81527E+13,1.88094E+13,1.93383E+13,1.97505E+13,1.99924E+13,2.01686E+13,2.02342E+13,2.03247E+13,2.03904E+13,2.05719E+13
United States,USA,"Gross PSD, Central Gov., Long-term, With payment due in one year or less, Debt securities, Nominal Value, % of GDP",DP.DOD.DLDS.CR.L1.CG.Z1,Central Gov,..,..,..,..,..,..,..,..,..,..,..,..
United States,USA,"Gross PSD, Central Gov., Long-term, With payment due in one year or less, Debt securities, Nominal Value, National Currency",DP.DOD.DLDS.CR.L1.CG,Central Gov,..,..,..,..,..,..,..,..,..,..,..,..
United States,USA,"Gross PSD, Central Gov., Long-term, With payment due in one year or less, Debt securities, Nominal Value, US$",DP.DOD.DLDS.CR.L1.CG.CD,Central Gov,..,..,..,..,..,..,..,..,..,..,..,..
United States,USA,"Gross PSD, Central Gov., Short-term, Debt securities, Nominal Value, % of GDP",DP.DOD.DSDS.CR.CG.Z1,Central Gov,21.63869575,19.05376358,16.13769715,15.91118232,16.15986193,14.14370256,14.27528951,14.20234519,15.33400253,16.57199315,19.22164622,20.46755394
United States,USA,"Gross PSD, Central Gov., Short-term, Debt securities, Nominal Value, National Currency",DP.DOD.DSDS.CR.CG,Central Gov,4.66785E+12,4.27367E+12,3.71295E+12,3.76796E+12,3.92725E+12,3.5226E+12,3.64368E+12,3.69617E+12,4.06754E+12,4.46568E+12,5.25933E+12,5.67483E+12
United States,USA,"Gross PSD, Central Gov., Short-term, Debt securities, Nominal Value, US$",DP.DOD.DSDS.CR.CG.CD,Central Gov,4.66785E+12,4.27367E+12,3.71295E+12,3.76796E+12,3.92725E+12,3.5226E+12,3.64368E+12,3.69617E+12,4.06754E+12,4.46568E+12,5.25933E+12,5.67483E+12
United States,USA,"Gross PSD, Central Gov.-D1, All maturities, Debt securities + loans, Nominal Value, % of GDP",DP.DOD.DLD1.CR.CG.Z1,Central Gov,111.0841989,108.4345362,106.2675141,106.8545927,107.1323832,104.6759808,103.7757787,103.1750742,102.7217453,103.0386865,104.7773749,106.2968216
United States,USA,"Gross PSD, Central Gov.-D1, All maturities, Debt securities + loans, Nominal Value, US$",DP.DOD.DLD1.CR.CG.CD,Central Gov,2.39628E+13,2.43214E+13,2.445E+13,2.53045E+13,2.60359E+13,2.60704E+13,2.64881E+13,2.68514E+13,2.72482E+13,2.7766E+13,2.86687E+13,2.94718E+13
United States,USA,"Gross PSD, Central Gov.-D2, All maturities, D1+ SDRs + currency and deposits, Nominal Value, % of GDP",DP.DOD.DLD2.CR.CG.Z1,Central Gov,111.5504567,108.8846615,107.1911082,107.7480724,107.9948698,105.493116,104.5522685,103.9598178,103.4985796,103.7976012,105.5210295,107.0424154
United States,USA,"Gross PSD, Central Gov.-D2, All maturities, D1+ SDRs + currency and deposits, Nominal Value, US$",DP.DOD.DLD2.CR.CG.CD,Central Gov,2.40634E+13,2.44223E+13,2.46625E+13,2.55161E+13,2.62455E+13,2.62739E+13,2.66863E+13,2.70556E+13,2.74543E+13,2.79705E+13,2.88721E+13,2.96785E+13
United States,USA,"Gross PSD, Central Gov.-D2A, All maturities, D1+ currency and deposits, Maastricht debt, % of GDP",DP.DOD.DLD2A.CR.CG.Z1,Central Gov,111.3184404,108.6600692,106.4877597,107.0692226,107.3415014,104.8807645,103.9763127,103.3724493,102.9160774,103.2306585,104.9690092,106.4865933
United States,USA,"Gross PSD, Central Gov.-D2A, All maturities, D1+ currency and deposits, Maastricht debt, US$",DP.DOD.DLD2A.CR.CG.CD,Central Gov,2.40133E+13,2.43719E+13,2.45006E+13,2.53553E+13,2.60867E+13,2.61214E+13,2.65393E+13,2.69027E+13,2.72998E+13,2.78177E+13,2.87211E+13,2.95244E+13
United States,USA,"Gross PSD, Central Gov.-D3, All maturities, D2+other accounts payable, Nominal Value, % of GDP",DP.DOD.DLD3.CR.CG.Z1,Central Gov,115.4794003,112.4733811,110.3102051,110.3862713,110.3708249,107.6792542,106.5820322,105.9499188,105.458702,105.7425253,107.4690703,108.9478249
United States,USA,"Gross PSD, Central Gov.-D3, All maturities, D2+other accounts payable, Nominal Value, US$",DP.DOD.DLD3.CR.CG.CD,Central Gov,2.49109E+13,2.52273E+13,2.53801E+13,2.61408E+13,2.68229E+13,2.68184E+13,2.72044E+13,2.75735E+13,2.79742E+13,2.84946E+13,2.94051E+13,3.02068E+13
United States,USA,"Gross PSD, Central Gov.-D4, All maturities, D3+insurance, pensions, and standardized guarantees, Nominal Value, % of GDP",DP.DOD.DLD4.CR.CG.Z1,Central Gov,124.8896833,121.56687,119.3251487,118.5648238,118.4048717,115.5264733,114.1283083,112.8984251,112.5052462,112.6006112,114.1230206,114.8870502
United States,USA,"Gross PSD, Central Gov.-D4, All maturities, D3+insurance, pensions, and standardized guarantees, Nominal Value, US$",DP.DOD.DLD4.CR.CG.CD,Central Gov,2.69409E+13,2.72669E+13,2.74543E+13,2.80776E+13,2.87754E+13,2.87728E+13,2.91305E+13,2.93819E+13,2.98434E+13,3.03427E+13,3.12258E+13,3.18535E+13
United States,USA,"Gross PSD, Financial Public Corp., All maturities, Debt Securities, Market value, % of GDP",DP.DOD.DLDS.CR.MV.FC.Z1,Financial Public Corp,..,..,..,..,..,..,..,..,..,..,..,..
United States,USA,"Gross PSD, Financial Public Corp., All maturities, Debt Securities, Market value, National Currency",DP.DOD.DLDS.CR.MV.FC,Financial Public Corp,..,..,..,..,..,..,..,..,..,..,..,..
United States,USA,"Gross PSD, Financial Public Corp., All maturities, Debt Securities, Market value, US$",DP.DOD.DLDS.CR.MV.FC.CD,Financial Public Corp,..,..,..,..,..,..,..,..,..,..,..,..
United States,USA,"Gross PSD, Financial Public Corp., All maturities, Debt securities, Nominal Value, % of GDP",DP.DOD.DLDS.CR.FC.Z1,Financial Public Corp,..,..,..,..,..,..,..,..,..,..,..,..
United States,USA,"Gross PSD, Financial Public Corp., All maturities, Debt securities, Nominal Value, National Currency",DP.DOD.DLDS.CR.FC,Financial Public Corp,..,..,..,..,..,..,..,..,..,..,..,..
United States,USA,"Gross PSD, Financial Public Corp., All maturities, Debt securities, Nominal Value, US$",DP.DOD.DLDS.CR.FC.CD,Financial Public Corp,..,..,..,..,..,..,..,..,..,..,..,..
United States,USA,"Gross PSD, Financial Public Corp., Long-term, With payment due in more than one year, Debt securities, Nominal Value, % of GDP",DP.DOD.DLDS.CR.M1.FC.Z1,Financial Public Corp,..,..,..,..,..,..,..,..,..,..,..,..
United States,USA,"Gross PSD, Financial Public Corp., Long-term, With payment due in more than one year, Debt securities, Nominal Value, National Currency",DP.DOD.DLDS.CR.M1.FC,Financial Public Corp,..,..,..,..,..,..,..,..,..,..,..,..
United States,USA,"Gross PSD, Financial Public Corp., Long-term, With payment due in more than one year, Debt securities, Nominal Value, US$",DP.DOD.DLDS.CR.M1.FC.CD,Financial Public Corp,..,..,..,..,..,..,..,..,..,..,..,..
United States,USA,"Gross PSD, Financial Public Corp., Long-term, With payment due in one year or less, Debt securities, Nominal Value, % of GDP",DP.DOD.DLDS.CR.L1.FC.Z1,Financial Public Corp,..,..,..,..,..,..,..,..,..,..,..,..
United States,USA,"Gross PSD, Financial Public Corp., Long-term, With payment due in one year or less, Debt securities, Nominal Value, National Currency",DP.DOD.DLDS.CR.L1.FC,Financial Public Corp,..,..,..,..,..,..,..,..,..,..,..,..
United States,USA,"Gross PSD, Financial Public Corp., Long-term, With payment due in one year or less, Debt securities, Nominal Value, US$",DP.DOD.DLDS.CR.L1.FC.CD,Financial Public Corp,..,..,..,..,..,..,..,..,..,..,..,..
United States,USA,"Gross PSD, Financial Public Corp., Short-term, Debt securities, Nominal Value, % of GDP",DP.DOD.DSDS.CR.FC.Z1,Financial Public Corp,..,..,..,..,..,..,..,..,..,..,..,..
United States,USA,"Gross PSD, Financial Public Corp., Short-term, Debt securities, Nominal Value, National Currency",DP.DOD.DSDS.CR.FC,Financial Public Corp,..,..,..,..,..,..,..,..,..,..,..,..
United States,USA,"Gross PSD, Financial Public Corp., Short-term, Debt securities, Nominal Value, US$",DP.DOD.DSDS.CR.FC.CD,Financial Public Corp,..,..,..,..,..,..,..,..,..,..,..,..
United States,USA,"Gross PSD, General Gov., All maturities, Debt Securities, Market value, % of GDP",DP.DOD.DLDS.CR.MV.GG.Z1,General Gov,..,..,..,..,..,..,..,..,..,..,..,..
United States,USA,"Gross PSD, General Gov., All maturities, Debt Securities, Market value, National Currency",DP.DOD.DLDS.CR.MV.GG,General Gov,..,..,..,..,..,..,..,..,..,..,..,..
United States,USA,"Gross PSD, General Gov., All maturities, Debt Securities, Market value, US$",DP.DOD.DLDS.CR.MV.GG.CD,General Gov,..,..,..,..,..,..,..,..,..,..,..,..
United States,USA,"Gross PSD, General Gov., All maturities, Debt securities, Nominal Value, % of GDP",DP.DOD.DLDS.CR.GG.Z1,General Gov,109.7762152,105.8438981,103.7206805,103.5940487,103.7891253,101.1196512,100.0492275,98.77609509,98.27639797,98.47072618,100.1185718,100.6705197
United States,USA,"Gross PSD, General Gov., All maturities, Debt securities, Nominal Value, National Currency",DP.DOD.DLDS.CR.GG,General Gov,2.36807E+13,2.37403E+13,2.3864E+13,2.45323E+13,2.52234E+13,2.51846E+13,2.55369E+13,2.57065E+13,2.6069E+13,2.65351E+13,2.73939E+13,2.79119E+13
United States,USA,"Gross PSD, General Gov., All maturities, Debt securities, Nominal Value, US$",DP.DOD.DLDS.CR.GG.CD,General Gov,2.36807E+13,2.37403E+13,2.3864E+13,2.45323E+13,2.52234E+13,2.51846E+13,2.55369E+13,2.57065E+13,2.6069E+13,2.65351E+13,2.73939E+13,2.79119E+13
United States,USA,"Gross PSD, General Gov., Long-term, With payment due in more than one year, Debt securities, Nominal Value, % of GDP",DP.DOD.DLDS.CR.M1.GG.Z1,General Gov,87.93751718,86.62584667,87.44895132,87.54385752,87.51778108,86.88235198,85.67625089,84.47594417,82.85015097,81.81145485,80.80032627,80.10598805
United States,USA,"Gross PSD, General Gov., Long-term, With payment due in more than one year, Debt securities, Nominal Value, National Currency",DP.DOD.DLDS.CR.M1.GG,General Gov,1.89697E+13,1.94298E+13,2.01202E+13,2.07315E+13,2.1269E+13,2.16387E+13,2.18683E+13,2.19849E+13,2.1977E+13,2.20459E+13,2.21082E+13,2.22102E+13
United States,USA,"Gross PSD, General Gov., Long-term, With payment due in more than one year, Debt securities, Nominal Value, US$",DP.DOD.DLDS.CR.M1.GG.CD,General Gov,1.89697E+13,1.94298E+13,2.01202E+13,2.07315E+13,2.1269E+13,2.16387E+13,2.18683E+13,2.19849E+13,2.1977E+13,2.20459E+13,2.21082E+13,2.22102E+13
United States,USA,"Gross PSD, General Gov., Long-term, With payment due in one year or less, Debt securities, Nominal Value, % of GDP",DP.DOD.DLDS.CR.L1.GG.Z1,General Gov,..,..,..,..,..,..,..,..,..,..,..,..
United States,USA,"Gross PSD, General Gov., Long-term, With payment due in one year or less, Debt securities, Nominal Value, National Currency",DP.DOD.DLDS.CR.L1.GG,General Gov,..,..,..,..,..,..,..,..,..,..,..,..
United States,USA,"Gross PSD, General Gov., Long-term, With payment due in one year or less, Debt securities, Nominal Value, US$",DP.DOD.DLDS.CR.L1.GG.CD,General Gov,..,..,..,..,..,..,..,..,..,..,..,..
United States,USA,"Gross PSD, General Gov., Short-term, Debt securities, Nominal Value, % of GDP",DP.DOD.DSDS.CR.GG.Z1,General Gov,21.83869804,19.21805145,16.27172913,16.05019114,16.27134418,14.23729927,14.37297661,14.30015092,15.426247,16.65927133,19.31824549,20.56453166
United States,USA,"Gross PSD, General Gov., Short-term, Debt securities, Nominal Value, National Currency",DP.DOD.DSDS.CR.GG,General Gov,4.71099E+12,4.31052E+12,3.74379E+12,3.80088E+12,3.95435E+12,3.54591E+12,3.66861E+12,3.72162E+12,4.09201E+12,4.4892E+12,5.28576E+12,5.70171E+12
United States,USA,"Gross PSD, General Gov., Short-term, Debt securities, Nominal Value, US$",DP.DOD.DSDS.CR.GG.CD,General Gov,4.71099E+12,4.31052E+12,3.74379E+12,3.80088E+12,3.95435E+12,3.54591E+12,3.66861E+12,3.72162E+12,4.09201E+12,4.4892E+12,5.28576E+12,5.70171E+12
United States,USA,"Gross PSD, General Gov.-D1, All maturities, Debt securities + loans, Nominal Value, % of GDP",DP.DOD.DLD1.CR.GG.Z1,General Gov,121.2446063,116.8995679,114.4008404,114.646928,114.7020503,111.9166743,110.7950286,109.8680998,109.0139613,109.1774687,110.8078613,111.9723049
United States,USA,"Gross PSD, General Gov.-D1, All maturities, Debt securities + loans, Nominal Value, US$",DP.DOD.DLD1.CR.GG.CD,General Gov,2.61546E+13,2.622E+13,2.63213E+13,2.71498E+13,2.78755E+13,2.78737E+13,2.82797E+13,2.85932E+13,2.89173E+13,2.94202E+13,3.03187E+13,3.10454E+13
United States,USA,"Gross PSD, General Gov.-D2, All maturities, D1+ SDRs + currency and deposits, Nominal Value, % of GDP",DP.DOD.DLD2.CR.GG.Z1,General Gov,121.7108642,117.3496933,115.3244345,115.5404077,115.5645369,112.7338096,111.5715185,110.6528434,109.7907955,109.9363833,111.551516,112.7178987
United States,USA,"Gross PSD, General Gov.-D2, All maturities, D1+ SDRs + currency and deposits, Nominal Value, US$",DP.DOD.DLD2.CR.GG.CD,General Gov,2.62552E+13,2.6321E+13,2.65338E+13,2.73614E+13,2.80851E+13,2.80772E+13,2.84779E+13,2.87975E+13,2.91234E+13,2.96247E+13,3.05222E+13,3.12521E+13
United States,USA,"Gross PSD, General Gov.-D2A, All maturities, D1+ currency and deposits, Maastricht debt, % of GDP",DP.DOD.DLD2A.CR.GG.Z1,General Gov,121.4788478,117.125101,114.6210861,114.8615579,114.9111685,112.121458,110.9955626,110.065475,109.2082933,109.3694406,110.9994956,112.1620766
United States,USA,"Gross PSD, General Gov.-D2A, All maturities, D1+ currency and deposits, Maastricht debt, US$",DP.DOD.DLD2A.CR.GG.CD,General Gov,2.62051E+13,2.62706E+13,2.6372E+13,2.72006E+13,2.79263E+13,2.79247E+13,2.83309E+13,2.86446E+13,2.89689E+13,2.9472E+13,3.03711E+13,3.1098E+13
United States,USA,"Gross PSD, General Gov.-D3, All maturities, D2+other accounts payable, Nominal Value, % of GDP",DP.DOD.DLD3.CR.GG.Z1,General Gov,130.8286953,125.9928205,123.4344341,123.0911213,122.7920049,119.7203895,118.3506253,117.3654809,116.447541,116.5668646,118.1771088,119.3023786
United States,USA,"Gross PSD, General Gov.-D3, All maturities, D2+other accounts payable, Nominal Value, US$",DP.DOD.DLD3.CR.GG.CD,General Gov,2.8222E+13,2.82596E+13,2.83997E+13,2.91495E+13,2.98416E+13,2.98173E+13,3.02082E+13,3.05444E+13,3.08892E+13,3.14115E+13,3.2335E+13,3.30777E+13
United States,USA,"Gross PSD, General Gov.-D4, All maturities, D3+insurance, pensions, and standardized guarantees, Nominal Value, US$",DP.DOD.DLD4.CR.GG.CD,General Gov,3.41587E+13,3.40347E+13,3.43191E+13,3.46576E+13,3.5314E+13,3.5459E+13,3.58464E+13,3.56721E+13,3.6038E+13,3.65182E+13,3.75855E+13,3.79147E+13
United States,USA,"Gross PSD, General Gov.-D4, All maturities, D3+insurance, pensions, and standardized guarantees, Nominal Value, % of GDP",DP.DOD.DLD4.CR.GG.Z1,General Gov,158.3490224,151.7404465,149.1618286,146.3505784,145.3101081,142.3723101,140.4399665,137.0681321,135.8579997,135.5178609,137.3662861,136.747869
United States,USA,"Gross PSD, Nonfinancial Public Corp., All maturities, Debt Securities, Market value, % of GDP",DP.DOD.DLDS.CR.MV.NF.Z1,Nonfinancial Public Corp,..,..,..,..,..,..,..,..,..,..,..,..
United States,USA,"Gross PSD, Nonfinancial Public Corp., All maturities, Debt Securities, Market value, National Currency",DP.DOD.DLDS.CR.MV.NF,Nonfinancial Public Corp,..,..,..,..,..,..,..,..,..,..,..,..
United States,USA,"Gross PSD, Nonfinancial Public Corp., All maturities, Debt Securities, Market value, US$",DP.DOD.DLDS.CR.MV.NF.CD,Nonfinancial Public Corp,..,..,..,..,..,..,..,..,..,..,..,..
United States,USA,"Gross PSD, Nonfinancial Public Corp., All maturities, Debt securities, Nominal Value, % of GDP",DP.DOD.DLDS.CR.NF.Z1,Nonfinancial Public Corp,..,..,..,..,..,..,..,..,..,..,..,..
United States,USA,"Gross PSD, Nonfinancial Public Corp., All maturities, Debt securities, Nominal Value, National Currency",DP.DOD.DLDS.CR.NF,Nonfinancial Public Corp,..,..,..,..,..,..,..,..,..,..,..,..
United States,USA,"Gross PSD, Nonfinancial Public Corp., All maturities, Debt securities, Nominal Value, US$",DP.DOD.DLDS.CR.NF.CD,Nonfinancial Public Corp,..,..,..,..,..,..,..,..,..,..,..,..
United States,USA,"Gross PSD, Nonfinancial Public Corp., Long-term, With payment due in more than one year, Debt securities, Nominal Value, % of GDP",DP.DOD.DLDS.CR.M1.NF.Z1,Nonfinancial Public Corp,..,..,..,..,..,..,..,..,..,..,..,..
United States,USA,"Gross PSD, Nonfinancial Public Corp., Long-term, With payment due in more than one year, Debt securities, Nominal Value, National Currency",DP.DOD.DLDS.CR.M1.NF,Nonfinancial Public Corp,..,..,..,..,..,..,..,..,..,..,..,..
United States,USA,"Gross PSD, Nonfinancial Public Corp., Long-term, With payment due in more than one year, Debt securities, Nominal Value, US$",DP.DOD.DLDS.CR.M1.NF.CD,Nonfinancial Public Corp,..,..,..,..,..,..,..,..,..,..,..,..
United States,USA,"Gross PSD, Nonfinancial Public Corp., Long-term, With payment due in one year or less, Debt securities, Nominal Value, % of GDP",DP.DOD.DLDS.CR.L1.NF.Z1,Nonfinancial Public Corp,..,..,..,..,..,..,..,..,..,..,..,..
United States,USA,"Gross PSD, Nonfinancial Public Corp., Long-term, With payment due in one year or less, Debt securities, Nominal Value, National Currency",DP.DOD.DLDS.CR.L1.NF,Nonfinancial Public Corp,..,..,..,..,..,..,..,..,..,..,..,..
United States,USA,"Gross PSD, Nonfinancial Public Corp., Long-term, With payment due in one year or less, Debt securities, Nominal Value, US$",DP.DOD.DLDS.CR.L1.NF.CD,Nonfinancial Public Corp,..,..,..,..,..,..,..,..,..,..,..,..
United States,USA,"Gross PSD, Public Sector, All maturities, Debt Securities, Market value, National Currency",DP.DOD.DLDS.CR.MV.PS,Public Sector,..,..,..,..,..,..,..,..,..,..,..,..
United States,USA,"Gross PSD, Public Sector, All maturities, Debt securities, Nominal Value, National Currency",DP.DOD.DLDS.CR.PS,Public Sector,..,..,..,..,..,..,..,..,..,..,..,..
United States,USA,"Gross PSD, Public Sector, Long-term, With payment due in one year or less, Debt securities, Nominal Value, National Currency",DP.DOD.DLDS.CR.L1.PS,Public Sector,..,..,..,..,..,..,..,..,..,..,..,..
United States,USA,"Gross PSD, Public Sector, Short-term, Debt securities, Nominal Value, National Currency",DP.DOD.DSDS.CR.PS,Public Sector,..,..,..,..,..,..,..,..,..,..,..,..
United States,USA,"Gross PSD, Total, All maturities, Debt Securities, Market value, US$",DP.DOD.DLDS.CR.MV.PS.CD,Total,..,..,..,..,..,..,..,..,..,..,..,..
United States,USA,"Gross PSD, Total, All maturities, Debt securities, Nominal Value, US$",DP.DOD.DLDS.CR.PS.CD,Total,..,..,..,..,..,..,..,..,..,..,..,..
United States,USA,"Gross PSD, Total, Long-term, With payment due in more than one year, Debt securities, Nominal Value, US$",DP.DOD.DLDS.CR.M1.PS.CD,Total,..,..,..,..,..,..,..,..,..,..,..,..
United States,USA,"Gross PSD, Total, Long-term, With payment due in one year or less, Debt securities, Nominal Value, US$",DP.DOD.DLDS.CR.L1.PS.CD,Total,..,..,..,..,..,..,..,..,..,..,..,..
United States,USA,"Gross PSD, Total, Short-term, Debt securities, Nominal Value, US$",DP.DOD.DSDS.CR.PS.CD,Total,..,..,..,..,..,..,..,..,..,..,..,..
,,,,,,,,,,,,,,,,
,,,,,,,,,,,,,,,,
,,,,,,,,,,,,,,,,
Data from database: Quarterly Public Sector Debt,,,,,,,,,,,,,,,,
Last Updated: 02/18/2025,,,,,,,,,,,,,,,,
